Species,Common_name,Begin_study_date,End_study_date,Life_history_process,sex,Fucntional_form,Value,Units,Parameter_name,Sample_size,Method,Large_marine_ecosystem,More_specific_location,Reference
Larimichthys polyactis,Yellow croaker,1997,2000,growth,both,von Bertalanffy,251.55,mm,Linf,NA,ELEFAN,East China Sea,"27°00′～ 34°00′N , 禁渔区线～127°00′E","Lin, LS et al 2006 A preliminary study on fishery biology of main commercial fishes surveyed from the bottom trawl fisheries in the East China Sea. Marine Sciences 30(2)."
Larimichthys polyactis,Yellow croaker,1997,2000,growth,both,von Bertalanffy,0.49,NA,k,NA,ELEFAN,East China Sea,"27°00′～ 34°00′N , 禁渔区线～127°00′E","Lin, LS et al 2006 A preliminary study on fishery biology of main commercial fishes surveyed from the bottom trawl fisheries in the East China Sea. Marine Sciences 30(2)."
Larimichthys polyactis,Yellow croaker,1997,2000,growth,both,von Bertalanffy,N/A,NA,t0,NA,ELEFAN,East China Sea,"27°00′～ 34°00′N , 禁渔区线～127°00′E","Lin, LS et al 2006 A preliminary study on fishery biology of main commercial fishes surveyed from the bottom trawl fisheries in the East China Sea. Marine Sciences 30(2)."
Larimichthys polyactis,Yellow croaker,1997,2000,natural mortality,both,Pauly's empirical equation,0.49,NA,M,NA,NA,East China Sea,"27°00′～ 34°00′N , 禁渔区线～127°00′E","Lin, LS et al 2006 A preliminary study on fishery biology of main commercial fishes surveyed from the bottom trawl fisheries in the East China Sea. Marine Sciences 30(2)."
Larimichthys polyactis,Yellow croaker,1997,2000,natural mortality,both,Pauly's empirical equation,16.34,°C,T,NA,NA,East China Sea,"27°00′～ 34°00′N , 禁渔区线～127°00′E","Lin, LS et al 2006 A preliminary study on fishery biology of main commercial fishes surveyed from the bottom trawl fisheries in the East China Sea. Marine Sciences 30(2)."
Larimichthys polyactis,Yellow croaker,1997,2000,weight at length,both,power function,1.7028*10^-5,NA,a,NA,NA,East China Sea,"27°00′～ 34°00′N , 禁渔区线～127°00′E","Lin, LS et al 2006 A preliminary study on fishery biology of main commercial fishes surveyed from the bottom trawl fisheries in the East China Sea. Marine Sciences 30(2)."
Larimichthys polyactis,Yellow croaker,1997,2000,weight at length,both,power function,3.0532,NA,b,NA,NA,East China Sea,"27°00′～ 34°00′N , 禁渔区线～127°00′E","Lin, LS et al 2006 A preliminary study on fishery biology of main commercial fishes surveyed from the bottom trawl fisheries in the East China Sea. Marine Sciences 30(2)."
Larimichthys polyactis,Yellow croaker,1997,2000,total mortality,both,NA,2.13,NA,Z,NA,length-converted catch curve,East China Sea,"27°00′～ 34°00′N , 禁渔区线～127°00′E","Lin, LS et al 2006 A preliminary study on fishery biology of main commercial fishes surveyed from the bottom trawl fisheries in the East China Sea. Marine Sciences 30(2)."
Larimichthys polyactis,Yellow croaker,1997,2000,fishing mortality,both,NA,1.64,NA,F,NA,NA,East China Sea,"27°00′～ 34°00′N , 禁渔区线～127°00′E","Lin, LS et al 2006 A preliminary study on fishery biology of main commercial fishes surveyed from the bottom trawl fisheries in the East China Sea. Marine Sciences 30(2)."
Larimichthys polyactis,Yellow croaker,1997,2000,exploitation rate,both,NA,0.77,NA,E,NA,NA,East China Sea,"27°00′～ 34°00′N , 禁渔区线～127°00′E","Lin, LS et al 2006 A preliminary study on fishery biology of main commercial fishes surveyed from the bottom trawl fisheries in the East China Sea. Marine Sciences 30(2)."
Larimichthys polyactis,Small yellow croaker,1960,1960,growth,both,von Bertalanffy,339.4,mm,Linf,833,Ford-Walford,Bohai,NA,Guo XP et al 2006 Growth variations of small yellow croaker (Pseudosciaena polyactis Bleeker) in the Bohai Sea. Journal of Fishery Sciences of China 13(2).
Larimichthys polyactis,Small yellow croaker,1960,1960,growth,both,von Bertalanffy,0.281,NA,k,833,Ford-Walford,Bohai,NA,Guo XP et al 2006 Growth variations of small yellow croaker (Pseudosciaena polyactis Bleeker) in the Bohai Sea. Journal of Fishery Sciences of China 13(2).
Larimichthys polyactis,Small yellow croaker,1960,1960,growth,both,von Bertalanffy,-0.61,NA,t0,833,Ford-Walford,Bohai,NA,Guo XP et al 2006 Growth variations of small yellow croaker (Pseudosciaena polyactis Bleeker) in the Bohai Sea. Journal of Fishery Sciences of China 13(2).
Larimichthys polyactis,Small yellow croaker,1960,1960,growth,both,von Bertalanffy,606.2,g,Winf,833,Ford-Walford,Bohai,NA,Guo XP et al 2006 Growth variations of small yellow croaker (Pseudosciaena polyactis Bleeker) in the Bohai Sea. Journal of Fishery Sciences of China 13(2).
Larimichthys polyactis,Small yellow croaker,1982,1982,growth,both,von Bertalanffy,302.9,mm,Linf,736,ELEFAN I,Bohai,NA,Guo XP et al 2006 Growth variations of small yellow croaker (Pseudosciaena polyactis Bleeker) in the Bohai Sea. Journal of Fishery Sciences of China 13(2).
Larimichthys polyactis,Small yellow croaker,1982,1982,growth,both,von Bertalanffy,0.325,NA,k,736,ELEFAN I,Bohai,NA,Guo XP et al 2006 Growth variations of small yellow croaker (Pseudosciaena polyactis Bleeker) in the Bohai Sea. Journal of Fishery Sciences of China 13(2).
Larimichthys polyactis,Small yellow croaker,1982,1982,growth,both,von Bertalanffy,-0.41,NA,t0,736,ELEFAN I,Bohai,NA,Guo XP et al 2006 Growth variations of small yellow croaker (Pseudosciaena polyactis Bleeker) in the Bohai Sea. Journal of Fishery Sciences of China 13(2).
Larimichthys polyactis,Small yellow croaker,1982,1982,growth,both,von Bertalanffy,464.6,g,Winf,736,ELEFAN I,Bohai,NA,Guo XP et al 2006 Growth variations of small yellow croaker (Pseudosciaena polyactis Bleeker) in the Bohai Sea. Journal of Fishery Sciences of China 13(2).
Larimichthys polyactis,Small yellow croaker,1992,1993,growth,both,von Bertalanffy,275.4,mm,Linf,1046,ELEFAN I,Bohai,NA,Guo XP et al 2006 Growth variations of small yellow croaker (Pseudosciaena polyactis Bleeker) in the Bohai Sea. Journal of Fishery Sciences of China 13(2).
Larimichthys polyactis,Small yellow croaker,1992,1993,growth,both,von Bertalanffy,0.46,NA,k,1046,ELEFAN I,Bohai,NA,Guo XP et al 2006 Growth variations of small yellow croaker (Pseudosciaena polyactis Bleeker) in the Bohai Sea. Journal of Fishery Sciences of China 13(2).
Larimichthys polyactis,Small yellow croaker,1992,1993,growth,both,von Bertalanffy,-0.5,NA,t0,1046,ELEFAN I,Bohai,NA,Guo XP et al 2006 Growth variations of small yellow croaker (Pseudosciaena polyactis Bleeker) in the Bohai Sea. Journal of Fishery Sciences of China 13(2).
Larimichthys polyactis,Small yellow croaker,1992,1993,growth,both,von Bertalanffy,321.9,g,Winf,1046,ELEFAN I,Bohai,NA,Guo XP et al 2006 Growth variations of small yellow croaker (Pseudosciaena polyactis Bleeker) in the Bohai Sea. Journal of Fishery Sciences of China 13(2).
Larimichthys polyactis,Small yellow croaker,2003,2004,growth,both,von Bertalanffy,245,mm,Linf,699,ELEFAN I,Bohai,NA,Guo XP et al 2006 Growth variations of small yellow croaker (Pseudosciaena polyactis Bleeker) in the Bohai Sea. Journal of Fishery Sciences of China 13(2).
Larimichthys polyactis,Small yellow croaker,2003,2004,growth,both,von Bertalanffy,0.498,NA,k,699,ELEFAN I,Bohai,NA,Guo XP et al 2006 Growth variations of small yellow croaker (Pseudosciaena polyactis Bleeker) in the Bohai Sea. Journal of Fishery Sciences of China 13(2).
Larimichthys polyactis,Small yellow croaker,2003,2004,growth,both,von Bertalanffy,-0.28,NA,t0,699,ELEFAN I,Bohai,NA,Guo XP et al 2006 Growth variations of small yellow croaker (Pseudosciaena polyactis Bleeker) in the Bohai Sea. Journal of Fishery Sciences of China 13(2).
Larimichthys polyactis,Small yellow croaker,2003,2004,growth,both,von Bertalanffy,227.2,g,Winf,699,ELEFAN I,Bohai,NA,Guo XP et al 2006 Growth variations of small yellow croaker (Pseudosciaena polyactis Bleeker) in the Bohai Sea. Journal of Fishery Sciences of China 13(2).
Larimichthys polyactis,Small yellow croaker,1960,1960,weight at length,both,power function,1.186*10^-5,NA,a,833,NA,Bohai,NA,Guo XP et al 2006 Growth variations of small yellow croaker (Pseudosciaena polyactis Bleeker) in the Bohai Sea. Journal of Fishery Sciences of China 13(2).
Larimichthys polyactis,Small yellow croaker,1960,1960,weight at length,both,power function,3.046,NA,b,833,NA,Bohai,NA,Guo XP et al 2006 Growth variations of small yellow croaker (Pseudosciaena polyactis Bleeker) in the Bohai Sea. Journal of Fishery Sciences of China 13(2).
Larimichthys polyactis,Small yellow croaker,1982,1982,weight at length,both,power function,1.315*10^-5,NA,a,461,NA,Bohai,NA,Guo XP et al 2006 Growth variations of small yellow croaker (Pseudosciaena polyactis Bleeker) in the Bohai Sea. Journal of Fishery Sciences of China 13(2).
Larimichthys polyactis,Small yellow croaker,1982,1982,weight at length,both,power function,3.042,NA,b,461,NA,Bohai,NA,Guo XP et al 2006 Growth variations of small yellow croaker (Pseudosciaena polyactis Bleeker) in the Bohai Sea. Journal of Fishery Sciences of China 13(2).
Larimichthys polyactis,Small yellow croaker,1993,1993,weight at length,both,power function,1.667*10^-5,NA,a,604,NA,Bohai,NA,Guo XP et al 2006 Growth variations of small yellow croaker (Pseudosciaena polyactis Bleeker) in the Bohai Sea. Journal of Fishery Sciences of China 13(2).
Larimichthys polyactis,Small yellow croaker,1993,1993,weight at length,both,power function,2.986,NA,b,604,NA,Bohai,NA,Guo XP et al 2006 Growth variations of small yellow croaker (Pseudosciaena polyactis Bleeker) in the Bohai Sea. Journal of Fishery Sciences of China 13(2).
Larimichthys polyactis,Small yellow croaker,2003,2003,weight at length,both,power function,3.351*10^-5,NA,a,405,NA,Bohai,NA,Guo XP et al 2006 Growth variations of small yellow croaker (Pseudosciaena polyactis Bleeker) in the Bohai Sea. Journal of Fishery Sciences of China 13(2).
Larimichthys polyactis,Small yellow croaker,2003,2003,weight at length,both,power function,2.836,NA,b,405,NA,Bohai,NA,Guo XP et al 2006 Growth variations of small yellow croaker (Pseudosciaena polyactis Bleeker) in the Bohai Sea. Journal of Fishery Sciences of China 13(2).
Larimichthys polyactis,Small yellow croaker,1960,1960,weight at length,male,power function,2.44*10^-2,NA,a,123,NA,"Yellow Sea, Bohai",northern Yellow Sea and Bohai,Li ZL et al 2011 Inter-annual changes on body weight-length relationship and relative fatness of small yellow croaker (Larimichthys polyactis). Journal of Fishery Sciences of China 18(3).
Larimichthys polyactis,Small yellow croaker,1960,1960,weight at length,male,power function,2.89,NA,b,123,NA,"Yellow Sea, Bohai",northern Yellow Sea and Bohai,Li ZL et al 2011 Inter-annual changes on body weight-length relationship and relative fatness of small yellow croaker (Larimichthys polyactis). Journal of Fishery Sciences of China 18(3).
Larimichthys polyactis,Small yellow croaker,1960,1960,weight at length ,female,power function,2.22*10^-2,NA,a,141,NA,"Yellow Sea, Bohai",northern Yellow Sea and Bohai,Li ZL et al 2011 Inter-annual changes on body weight-length relationship and relative fatness of small yellow croaker (Larimichthys polyactis). Journal of Fishery Sciences of China 18(3).
Larimichthys polyactis,Small yellow croaker,1960,1960,weight at length ,female,power function,2.93,NA,b,141,NA,"Yellow Sea, Bohai",northern Yellow Sea and Bohai,Li ZL et al 2011 Inter-annual changes on body weight-length relationship and relative fatness of small yellow croaker (Larimichthys polyactis). Journal of Fishery Sciences of China 18(3).
Larimichthys polyactis,Small yellow croaker,1982,1982,weight at length,male,power function,1.37*10^-2,NA,a,37,NA,"Yellow Sea, Bohai",northern Yellow Sea and Bohai,Li ZL et al 2011 Inter-annual changes on body weight-length relationship and relative fatness of small yellow croaker (Larimichthys polyactis). Journal of Fishery Sciences of China 18(3).
Larimichthys polyactis,Small yellow croaker,1982,1982,weight at length,male,power function,3.06,NA,b,37,NA,"Yellow Sea, Bohai",northern Yellow Sea and Bohai,Li ZL et al 2011 Inter-annual changes on body weight-length relationship and relative fatness of small yellow croaker (Larimichthys polyactis). Journal of Fishery Sciences of China 18(3).
Larimichthys polyactis,Small yellow croaker,1982,1982,weight at length ,female,power function,1.46*10^-2,NA,a,36,NA,"Yellow Sea, Bohai",northern Yellow Sea and Bohai,Li ZL et al 2011 Inter-annual changes on body weight-length relationship and relative fatness of small yellow croaker (Larimichthys polyactis). Journal of Fishery Sciences of China 18(3).
Larimichthys polyactis,Small yellow croaker,1982,1982,weight at length ,female,power function,3.06,NA,b,36,NA,"Yellow Sea, Bohai",northern Yellow Sea and Bohai,Li ZL et al 2011 Inter-annual changes on body weight-length relationship and relative fatness of small yellow croaker (Larimichthys polyactis). Journal of Fishery Sciences of China 18(3).
Larimichthys polyactis,Small yellow croaker,1983,1983,weight at length,male,power function,1.69*10^-2,NA,a,15,NA,"Yellow Sea, Bohai",northern Yellow Sea and Bohai,Li ZL et al 2011 Inter-annual changes on body weight-length relationship and relative fatness of small yellow croaker (Larimichthys polyactis). Journal of Fishery Sciences of China 18(3).
Larimichthys polyactis,Small yellow croaker,1983,1983,weight at length,male,power function,2.98,NA,b,15,NA,"Yellow Sea, Bohai",northern Yellow Sea and Bohai,Li ZL et al 2011 Inter-annual changes on body weight-length relationship and relative fatness of small yellow croaker (Larimichthys polyactis). Journal of Fishery Sciences of China 18(3).
Larimichthys polyactis,Small yellow croaker,1983,1983,weight at length ,female,power function,1.50*10^-2,NA,a,13,NA,"Yellow Sea, Bohai",northern Yellow Sea and Bohai,Li ZL et al 2011 Inter-annual changes on body weight-length relationship and relative fatness of small yellow croaker (Larimichthys polyactis). Journal of Fishery Sciences of China 18(3).
Larimichthys polyactis,Small yellow croaker,1983,1983,weight at length ,female,power function,3.06,NA,b,13,NA,"Yellow Sea, Bohai",northern Yellow Sea and Bohai,Li ZL et al 2011 Inter-annual changes on body weight-length relationship and relative fatness of small yellow croaker (Larimichthys polyactis). Journal of Fishery Sciences of China 18(3).
Larimichthys polyactis,Small yellow croaker,1993,1993,weight at length,male,power function,1.95*10^-2,NA,a,53,NA,"Yellow Sea, Bohai",northern Yellow Sea and Bohai,Li ZL et al 2011 Inter-annual changes on body weight-length relationship and relative fatness of small yellow croaker (Larimichthys polyactis). Journal of Fishery Sciences of China 18(3).
Larimichthys polyactis,Small yellow croaker,1993,1993,weight at length,male,power function,2.91,NA,b,53,NA,"Yellow Sea, Bohai",northern Yellow Sea and Bohai,Li ZL et al 2011 Inter-annual changes on body weight-length relationship and relative fatness of small yellow croaker (Larimichthys polyactis). Journal of Fishery Sciences of China 18(3).
Larimichthys polyactis,Small yellow croaker,1993,1993,weight at length ,female,power function,1.11*10^-2,NA,a,44,NA,"Yellow Sea, Bohai",northern Yellow Sea and Bohai,Li ZL et al 2011 Inter-annual changes on body weight-length relationship and relative fatness of small yellow croaker (Larimichthys polyactis). Journal of Fishery Sciences of China 18(3).
Larimichthys polyactis,Small yellow croaker,1993,1993,weight at length ,female,power function,3.13,NA,b,44,NA,"Yellow Sea, Bohai",northern Yellow Sea and Bohai,Li ZL et al 2011 Inter-annual changes on body weight-length relationship and relative fatness of small yellow croaker (Larimichthys polyactis). Journal of Fishery Sciences of China 18(3).
Larimichthys polyactis,Small yellow croaker,2003,2003,weight at length,male,power function,4.02*10^-2,NA,a,33,NA,"Yellow Sea, Bohai",northern Yellow Sea and Bohai,Li ZL et al 2011 Inter-annual changes on body weight-length relationship and relative fatness of small yellow croaker (Larimichthys polyactis). Journal of Fishery Sciences of China 18(3).
Larimichthys polyactis,Small yellow croaker,2003,2003,weight at length,male,power function,2.61,NA,b,33,NA,"Yellow Sea, Bohai",northern Yellow Sea and Bohai,Li ZL et al 2011 Inter-annual changes on body weight-length relationship and relative fatness of small yellow croaker (Larimichthys polyactis). Journal of Fishery Sciences of China 18(3).
Larimichthys polyactis,Small yellow croaker,2003,2003,weight at length ,female,power function,0.94*10^-2,NA,a,26,NA,"Yellow Sea, Bohai",northern Yellow Sea and Bohai,Li ZL et al 2011 Inter-annual changes on body weight-length relationship and relative fatness of small yellow croaker (Larimichthys polyactis). Journal of Fishery Sciences of China 18(3).
Larimichthys polyactis,Small yellow croaker,2003,2003,weight at length ,female,power function,3.19,NA,b,26,NA,"Yellow Sea, Bohai",northern Yellow Sea and Bohai,Li ZL et al 2011 Inter-annual changes on body weight-length relationship and relative fatness of small yellow croaker (Larimichthys polyactis). Journal of Fishery Sciences of China 18(3).
Larimichthys polyactis,Small yellow croaker,2004,2004,weight at length,male,power function,3.07*10^-2,NA,a,47,NA,"Yellow Sea, Bohai",northern Yellow Sea and Bohai,Li ZL et al 2011 Inter-annual changes on body weight-length relationship and relative fatness of small yellow croaker (Larimichthys polyactis). Journal of Fishery Sciences of China 18(3).
Larimichthys polyactis,Small yellow croaker,2004,2004,weight at length,male,power function,2.74,NA,b,47,NA,"Yellow Sea, Bohai",northern Yellow Sea and Bohai,Li ZL et al 2011 Inter-annual changes on body weight-length relationship and relative fatness of small yellow croaker (Larimichthys polyactis). Journal of Fishery Sciences of China 18(3).
Larimichthys polyactis,Small yellow croaker,2004,2004,weight at length ,female,power function,2.10*10^-2,NA,a,41,NA,"Yellow Sea, Bohai",northern Yellow Sea and Bohai,Li ZL et al 2011 Inter-annual changes on body weight-length relationship and relative fatness of small yellow croaker (Larimichthys polyactis). Journal of Fishery Sciences of China 18(3).
Larimichthys polyactis,Small yellow croaker,2004,2004,weight at length ,female,power function,2.92,NA,b,41,NA,"Yellow Sea, Bohai",northern Yellow Sea and Bohai,Li ZL et al 2011 Inter-annual changes on body weight-length relationship and relative fatness of small yellow croaker (Larimichthys polyactis). Journal of Fishery Sciences of China 18(3).
Larimichthys polyactis,Small yellow croaker,1960,1960,weight at length ,male,power function,2.47*10^-2,NA,a,57,NA,Yellow Sea,southern Yellow Sea ,Li ZL et al 2011 Inter-annual changes on body weight-length relationship and relative fatness of small yellow croaker (Larimichthys polyactis). Journal of Fishery Sciences of China 18(3).
Larimichthys polyactis,Small yellow croaker,1960,1960,weight at length ,male,power function,2.87,NA,b,57,NA,Yellow Sea,southern Yellow Sea ,Li ZL et al 2011 Inter-annual changes on body weight-length relationship and relative fatness of small yellow croaker (Larimichthys polyactis). Journal of Fishery Sciences of China 18(3).
Larimichthys polyactis,Small yellow croaker,1960,1960,weight at length ,female,power function,0.61*10^-2,NA,a,98,NA,Yellow Sea,southern Yellow Sea ,Li ZL et al 2011 Inter-annual changes on body weight-length relationship and relative fatness of small yellow croaker (Larimichthys polyactis). Journal of Fishery Sciences of China 18(3).
Larimichthys polyactis,Small yellow croaker,1960,1960,weight at length ,female,power function,3.35,NA,b,98,NA,Yellow Sea,southern Yellow Sea ,Li ZL et al 2011 Inter-annual changes on body weight-length relationship and relative fatness of small yellow croaker (Larimichthys polyactis). Journal of Fishery Sciences of China 18(3).
Larimichthys polyactis,Small yellow croaker,1986,1986,weight at length ,male,power function,6.57*10^-2,NA,a,25,NA,Yellow Sea,southern Yellow Sea ,Li ZL et al 2011 Inter-annual changes on body weight-length relationship and relative fatness of small yellow croaker (Larimichthys polyactis). Journal of Fishery Sciences of China 18(3).
Larimichthys polyactis,Small yellow croaker,1986,1986,weight at length ,male,power function,2.43,NA,b,25,NA,Yellow Sea,southern Yellow Sea ,Li ZL et al 2011 Inter-annual changes on body weight-length relationship and relative fatness of small yellow croaker (Larimichthys polyactis). Journal of Fishery Sciences of China 18(3).
Larimichthys polyactis,Small yellow croaker,1986,1986,weight at length ,female,power function,4.35*10^-2,NA,a,13,NA,Yellow Sea,southern Yellow Sea ,Li ZL et al 2011 Inter-annual changes on body weight-length relationship and relative fatness of small yellow croaker (Larimichthys polyactis). Journal of Fishery Sciences of China 18(3).
Larimichthys polyactis,Small yellow croaker,1986,1986,weight at length ,female,power function,2.62,NA,b,13,NA,Yellow Sea,southern Yellow Sea ,Li ZL et al 2011 Inter-annual changes on body weight-length relationship and relative fatness of small yellow croaker (Larimichthys polyactis). Journal of Fishery Sciences of China 18(3).
Larimichthys polyactis,Small yellow croaker,1994,1994,weight at length ,male,power function,10.27*10^-2,NA,a,20,NA,Yellow Sea,southern Yellow Sea ,Li ZL et al 2011 Inter-annual changes on body weight-length relationship and relative fatness of small yellow croaker (Larimichthys polyactis). Journal of Fishery Sciences of China 18(3).
Larimichthys polyactis,Small yellow croaker,1994,1994,weight at length ,male,power function,2.32,NA,b,20,NA,Yellow Sea,southern Yellow Sea ,Li ZL et al 2011 Inter-annual changes on body weight-length relationship and relative fatness of small yellow croaker (Larimichthys polyactis). Journal of Fishery Sciences of China 18(3).
Larimichthys polyactis,Small yellow croaker,1994,1994,weight at length ,female,power function,5.69*10^-2,NA,a,53,NA,Yellow Sea,southern Yellow Sea ,Li ZL et al 2011 Inter-annual changes on body weight-length relationship and relative fatness of small yellow croaker (Larimichthys polyactis). Journal of Fishery Sciences of China 18(3).
Larimichthys polyactis,Small yellow croaker,1994,1994,weight at length ,female,power function,2.52,NA,b,53,NA,Yellow Sea,southern Yellow Sea ,Li ZL et al 2011 Inter-annual changes on body weight-length relationship and relative fatness of small yellow croaker (Larimichthys polyactis). Journal of Fishery Sciences of China 18(3).
Larimichthys polyactis,Small yellow croaker,1998,1998,weight at length ,male,power function,8.13*10^-2,NA,a,31,NA,Yellow Sea,southern Yellow Sea ,Li ZL et al 2011 Inter-annual changes on body weight-length relationship and relative fatness of small yellow croaker (Larimichthys polyactis). Journal of Fishery Sciences of China 18(3).
Larimichthys polyactis,Small yellow croaker,1998,1998,weight at length ,male,power function,2.846,NA,b,31,NA,Yellow Sea,southern Yellow Sea ,Li ZL et al 2011 Inter-annual changes on body weight-length relationship and relative fatness of small yellow croaker (Larimichthys polyactis). Journal of Fishery Sciences of China 18(3).
Larimichthys polyactis,Small yellow croaker,1998,1998,weight at length ,female,power function,4.29*10^-2,NA,a,32,NA,Yellow Sea,southern Yellow Sea ,Li ZL et al 2011 Inter-annual changes on body weight-length relationship and relative fatness of small yellow croaker (Larimichthys polyactis). Journal of Fishery Sciences of China 18(3).
Larimichthys polyactis,Small yellow croaker,1998,1998,weight at length ,female,power function,2.65,NA,b,32,NA,Yellow Sea,southern Yellow Sea ,Li ZL et al 2011 Inter-annual changes on body weight-length relationship and relative fatness of small yellow croaker (Larimichthys polyactis). Journal of Fishery Sciences of China 18(3).
Larimichthys polyactis,Small yellow croaker,2001,2001,weight at length ,male,power function,4.37*10^-2,NA,a,50,NA,Yellow Sea,southern Yellow Sea ,Li ZL et al 2011 Inter-annual changes on body weight-length relationship and relative fatness of small yellow croaker (Larimichthys polyactis). Journal of Fishery Sciences of China 18(3).
Larimichthys polyactis,Small yellow croaker,2001,2001,weight at length ,male,power function,2.63,NA,b,50,NA,Yellow Sea,southern Yellow Sea ,Li ZL et al 2011 Inter-annual changes on body weight-length relationship and relative fatness of small yellow croaker (Larimichthys polyactis). Journal of Fishery Sciences of China 18(3).
Larimichthys polyactis,Small yellow croaker,2001,2001,weight at length ,female,power function,6.14*10^-2,NA,a,56,NA,Yellow Sea,southern Yellow Sea ,Li ZL et al 2011 Inter-annual changes on body weight-length relationship and relative fatness of small yellow croaker (Larimichthys polyactis). Journal of Fishery Sciences of China 18(3).
Larimichthys polyactis,Small yellow croaker,2001,2001,weight at length ,female,power function,2.51,NA,b,56,NA,Yellow Sea,southern Yellow Sea ,Li ZL et al 2011 Inter-annual changes on body weight-length relationship and relative fatness of small yellow croaker (Larimichthys polyactis). Journal of Fishery Sciences of China 18(3).
Larimichthys polyactis,Small yellow croaker,2005,2005,weight at length ,male,power function,3.44*10^-2,NA,a,53,NA,Yellow Sea,southern Yellow Sea ,Li ZL et al 2011 Inter-annual changes on body weight-length relationship and relative fatness of small yellow croaker (Larimichthys polyactis). Journal of Fishery Sciences of China 18(3).
Larimichthys polyactis,Small yellow croaker,2005,2005,weight at length ,male,power function,2.72,NA,b,53,NA,Yellow Sea,southern Yellow Sea ,Li ZL et al 2011 Inter-annual changes on body weight-length relationship and relative fatness of small yellow croaker (Larimichthys polyactis). Journal of Fishery Sciences of China 18(3).
Larimichthys polyactis,Small yellow croaker,2005,2005,weight at length ,female,power function,2.72*10^-2,NA,a,61,NA,Yellow Sea,southern Yellow Sea ,Li ZL et al 2011 Inter-annual changes on body weight-length relationship and relative fatness of small yellow croaker (Larimichthys polyactis). Journal of Fishery Sciences of China 18(3).
Larimichthys polyactis,Small yellow croaker,2005,2005,weight at length ,female,power function,2.83,NA,b,61,NA,Yellow Sea,southern Yellow Sea ,Li ZL et al 2011 Inter-annual changes on body weight-length relationship and relative fatness of small yellow croaker (Larimichthys polyactis). Journal of Fishery Sciences of China 18(3).
Larimichthys polyactis,Small yellow croaker,2007,2007,weight at length ,male,power function,2.54*10^-2,NA,a,40,NA,Yellow Sea,southern Yellow Sea ,Li ZL et al 2011 Inter-annual changes on body weight-length relationship and relative fatness of small yellow croaker (Larimichthys polyactis). Journal of Fishery Sciences of China 18(3).
Larimichthys polyactis,Small yellow croaker,2007,2007,weight at length ,male,power function,2.84,NA,b,40,NA,Yellow Sea,southern Yellow Sea ,Li ZL et al 2011 Inter-annual changes on body weight-length relationship and relative fatness of small yellow croaker (Larimichthys polyactis). Journal of Fishery Sciences of China 18(3).
Larimichthys polyactis,Small yellow croaker,2007,2007,weight at length ,female,power function,2.64*10^-2,NA,a,46,NA,Yellow Sea,southern Yellow Sea ,Li ZL et al 2011 Inter-annual changes on body weight-length relationship and relative fatness of small yellow croaker (Larimichthys polyactis). Journal of Fishery Sciences of China 18(3).
Larimichthys polyactis,Small yellow croaker,2007,2007,weight at length ,female,power function,2.84,NA,b,46,NA,Yellow Sea,southern Yellow Sea ,Li ZL et al 2011 Inter-annual changes on body weight-length relationship and relative fatness of small yellow croaker (Larimichthys polyactis). Journal of Fishery Sciences of China 18(3).
Larimichthys polyactis,Small yellow croaker,2010,2010,weight at length ,male,power function,3.64*10^-2,NA,a,67,NA,Yellow Sea,southern Yellow Sea ,Li ZL et al 2011 Inter-annual changes on body weight-length relationship and relative fatness of small yellow croaker (Larimichthys polyactis). Journal of Fishery Sciences of China 18(3).
Larimichthys polyactis,Small yellow croaker,2010,2010,weight at length ,male,power function,2.68,NA,b,67,NA,Yellow Sea,southern Yellow Sea ,Li ZL et al 2011 Inter-annual changes on body weight-length relationship and relative fatness of small yellow croaker (Larimichthys polyactis). Journal of Fishery Sciences of China 18(3).
Larimichthys polyactis,Small yellow croaker,2010,2010,weight at length ,female,power function,3.13*10^-2,NA,a,72,NA,Yellow Sea,southern Yellow Sea ,Li ZL et al 2011 Inter-annual changes on body weight-length relationship and relative fatness of small yellow croaker (Larimichthys polyactis). Journal of Fishery Sciences of China 18(3).
Larimichthys polyactis,Small yellow croaker,2010,2010,weight at length ,female,power function,2.75,NA,b,72,NA,Yellow Sea,southern Yellow Sea ,Li ZL et al 2011 Inter-annual changes on body weight-length relationship and relative fatness of small yellow croaker (Larimichthys polyactis). Journal of Fishery Sciences of China 18(3).
Larimichthys polyactis,Small yellow croaker,1963,1963,growth,both,von Bertalanffy,347.37,mm,Linf,NA,ELEFAN,East China Sea,NA,Lin LS et al 2008 The Fishery Biology of Trichiurus japonicus and Larimichthys polyactis in the East China Sea Region. Marine Fisheries 30(2).
Larimichthys polyactis,Small yellow croaker,1963,1963,growth,both,von Bertalanffy,0.24,NA,k,NA,ELEFAN,East China Sea,NA,Lin LS et al 2008 The Fishery Biology of Trichiurus japonicus and Larimichthys polyactis in the East China Sea Region. Marine Fisheries 30(2).
Larimichthys polyactis,Small yellow croaker,1963,1963,growth,both,von Bertalanffy,-0.59,NA,t0,NA,ELEFAN,East China Sea,NA,Lin LS et al 2008 The Fishery Biology of Trichiurus japonicus and Larimichthys polyactis in the East China Sea Region. Marine Fisheries 30(2).
Larimichthys polyactis,Small yellow croaker,1963,1963,natural mortality,both,Pauly's empirical equation,0.3,NA,M,NA,NA,East China Sea,NA,Lin LS et al 2008 The Fishery Biology of Trichiurus japonicus and Larimichthys polyactis in the East China Sea Region. Marine Fisheries 30(2).
Larimichthys polyactis,Small yellow croaker,1963,1963,natural mortality,both,Pauly's empirical equation,20,°C,T,NA,NA,East China Sea,NA,Lin LS et al 2008 The Fishery Biology of Trichiurus japonicus and Larimichthys polyactis in the East China Sea Region. Marine Fisheries 30(2).
Larimichthys polyactis,Small yellow croaker,1963,1963,total mortality,both,NA,0.64,NA,Z,NA,length-converted catch curve,East China Sea,NA,Lin LS et al 2008 The Fishery Biology of Trichiurus japonicus and Larimichthys polyactis in the East China Sea Region. Marine Fisheries 30(2).
Larimichthys polyactis,Small yellow croaker,1963,1963,fishing mortality,both,NA,0.34,NA,F,NA,NA,East China Sea,NA,Lin LS et al 2008 The Fishery Biology of Trichiurus japonicus and Larimichthys polyactis in the East China Sea Region. Marine Fisheries 30(2).
Larimichthys polyactis,Small yellow croaker,1983,1983,growth,both,von Bertalanffy,292,mm,Linf,NA,ELEFAN,East China Sea,NA,Lin LS et al 2008 The Fishery Biology of Trichiurus japonicus and Larimichthys polyactis in the East China Sea Region. Marine Fisheries 30(2).
Larimichthys polyactis,Small yellow croaker,1983,1983,growth,both,von Bertalanffy,0.44,NA,k,NA,ELEFAN,East China Sea,NA,Lin LS et al 2008 The Fishery Biology of Trichiurus japonicus and Larimichthys polyactis in the East China Sea Region. Marine Fisheries 30(2).
Larimichthys polyactis,Small yellow croaker,1983,1983,growth,both,von Bertalanffy,-0.33,NA,t0,NA,ELEFAN,East China Sea,NA,Lin LS et al 2008 The Fishery Biology of Trichiurus japonicus and Larimichthys polyactis in the East China Sea Region. Marine Fisheries 30(2).
Larimichthys polyactis,Small yellow croaker,1983,1983,natural mortality,both,Pauly's empirical equation,0.47,NA,M,NA,NA,East China Sea,NA,Lin LS et al 2008 The Fishery Biology of Trichiurus japonicus and Larimichthys polyactis in the East China Sea Region. Marine Fisheries 30(2).
Larimichthys polyactis,Small yellow croaker,1983,1983,natural mortality,both,Pauly's empirical equation,20,°C,T,NA,NA,East China Sea,NA,Lin LS et al 2008 The Fishery Biology of Trichiurus japonicus and Larimichthys polyactis in the East China Sea Region. Marine Fisheries 30(2).
Larimichthys polyactis,Small yellow croaker,1983,1983,total mortality,both,NA,2.05,NA,Z,NA,length-converted catch curve,East China Sea,NA,Lin LS et al 2008 The Fishery Biology of Trichiurus japonicus and Larimichthys polyactis in the East China Sea Region. Marine Fisheries 30(2).
Larimichthys polyactis,Small yellow croaker,1983,1983,fishing mortality,both,NA,1.58,NA,F,NA,NA,East China Sea,NA,Lin LS et al 2008 The Fishery Biology of Trichiurus japonicus and Larimichthys polyactis in the East China Sea Region. Marine Fisheries 30(2).
Larimichthys polyactis,Small yellow croaker,2001,2001,growth,both,von Bertalanffy,251.6,mm,Linf,NA,ELEFAN,East China Sea,NA,Lin LS et al 2008 The Fishery Biology of Trichiurus japonicus and Larimichthys polyactis in the East China Sea Region. Marine Fisheries 30(2).
Larimichthys polyactis,Small yellow croaker,2001,2001,growth,both,von Bertalanffy,0.55,NA,k,NA,ELEFAN,East China Sea,NA,Lin LS et al 2008 The Fishery Biology of Trichiurus japonicus and Larimichthys polyactis in the East China Sea Region. Marine Fisheries 30(2).
Larimichthys polyactis,Small yellow croaker,2001,2001,growth,both,von Bertalanffy,-0.27,NA,t0,NA,ELEFAN,East China Sea,NA,Lin LS et al 2008 The Fishery Biology of Trichiurus japonicus and Larimichthys polyactis in the East China Sea Region. Marine Fisheries 30(2).
Larimichthys polyactis,Small yellow croaker,2001,2001,natural mortality,both,Pauly's empirical equation,0.58,NA,M,NA,NA,East China Sea,NA,Lin LS et al 2008 The Fishery Biology of Trichiurus japonicus and Larimichthys polyactis in the East China Sea Region. Marine Fisheries 30(2).
Larimichthys polyactis,Small yellow croaker,2001,2001,natural mortality,both,Pauly's empirical equation,20,°C,T,NA,NA,East China Sea,NA,Lin LS et al 2008 The Fishery Biology of Trichiurus japonicus and Larimichthys polyactis in the East China Sea Region. Marine Fisheries 30(2).
Larimichthys polyactis,Small yellow croaker,2001,2001,total mortality,both,NA,2.05,NA,Z,NA,length-converted catch curve,East China Sea,NA,Lin LS et al 2008 The Fishery Biology of Trichiurus japonicus and Larimichthys polyactis in the East China Sea Region. Marine Fisheries 30(2).
Larimichthys polyactis,Small yellow croaker,2001,2001,fishing mortality,both,NA,1.47,NA,F,NA,NA,East China Sea,NA,Lin LS et al 2008 The Fishery Biology of Trichiurus japonicus and Larimichthys polyactis in the East China Sea Region. Marine Fisheries 30(2).
Larimichthys polyactis,Small yellow croaker,1963,1963,weight at length,both,power function,3.35651*10^-5,NA,a,520,NA,"East China Sea, Yellow Sea","122°00′~127°00′E, 31°00′~34°00′N",Lin LS 2009 Study on the fishery biology and management strategy of Larimichthys polyactis in the southern Yellow Sea and the East China Sea. PhD thesis. 
Larimichthys polyactis,Small yellow croaker,1963,1963,weight at length,both,power function,2.8705,NA,b,520,NA,"East China Sea, Yellow Sea","122°00′~127°00′E, 31°00′~34°00′N",Lin LS 2009 Study on the fishery biology and management strategy of Larimichthys polyactis in the southern Yellow Sea and the East China Sea. PhD thesis. 
Larimichthys polyactis,Small yellow croaker,1983,1983,weight at length,both,power function,7.2046*10^-5,NA,a,524,NA,"East China Sea, Yellow Sea","122°00′~127°00′E, 31°00′~34°00′N",Lin LS 2009 Study on the fishery biology and management strategy of Larimichthys polyactis in the southern Yellow Sea and the East China Sea. PhD thesis. 
Larimichthys polyactis,Small yellow croaker,1983,1983,weight at length,both,power function,2.7299,NA,b,524,NA,"East China Sea, Yellow Sea","122°00′~127°00′E, 31°00′~34°00′N",Lin LS 2009 Study on the fishery biology and management strategy of Larimichthys polyactis in the southern Yellow Sea and the East China Sea. PhD thesis. 
Larimichthys polyactis,Small yellow croaker,2001,2001,weight at length,both,power function,2.6594*10^-5,NA,a,894,NA,"East China Sea, Yellow Sea","122°00′~127°00′E, 31°00′~34°00′N",Lin LS 2009 Study on the fishery biology and management strategy of Larimichthys polyactis in the southern Yellow Sea and the East China Sea. PhD thesis. 
Larimichthys polyactis,Small yellow croaker,2001,2001,weight at length,both,power function,2.9126,NA,b,894,NA,"East China Sea, Yellow Sea","122°00′~127°00′E, 31°00′~34°00′N",Lin LS 2009 Study on the fishery biology and management strategy of Larimichthys polyactis in the southern Yellow Sea and the East China Sea. PhD thesis. 
Larimichthys polyactis,Small yellow croaker,2011,2011,weight at length,both,power function,5.3082*10^-5,NA,a,321,NA,Yellow Sea,Haizhou Bay,Liu Q 2012 Growth and Mortality of Small Yellow Croaker (Larimichthys polyactis) Inhabiting Haizhou Bay of China. Journal of Ocean University of China 11(4).
Larimichthys polyactis,Small yellow croaker,2011,2011,weight at length,both,power function,2.7321,NA,b,321,NA,Yellow Sea,Haizhou Bay,Liu Q 2012 Growth and Mortality of Small Yellow Croaker (Larimichthys polyactis) Inhabiting Haizhou Bay of China. Journal of Ocean University of China 11(4).
Larimichthys polyactis,Small yellow croaker,2011,2011,weight at length,both,power function,1.8644*10^-5,NA,a,91,NA,Yellow Sea,Haizhou Bay,Liu Q 2012 Growth and Mortality of Small Yellow Croaker (Larimichthys polyactis) Inhabiting Haizhou Bay of China. Journal of Ocean University of China 11(4).
Larimichthys polyactis,Small yellow croaker,2011,2011,weight at length,both,power function,2.9703,NA,b,91,NA,Yellow Sea,Haizhou Bay,Liu Q 2012 Growth and Mortality of Small Yellow Croaker (Larimichthys polyactis) Inhabiting Haizhou Bay of China. Journal of Ocean University of China 11(4).
Larimichthys polyactis,Small yellow croaker,2011,2011,weight at length,both,power function,1.3243*10^-5,NA,a,416,NA,Yellow Sea,Haizhou Bay,Liu Q 2012 Growth and Mortality of Small Yellow Croaker (Larimichthys polyactis) Inhabiting Haizhou Bay of China. Journal of Ocean University of China 11(4).
Larimichthys polyactis,Small yellow croaker,2011,2011,weight at length,both,power function,3.0418,NA,b,416,NA,Yellow Sea,Haizhou Bay,Liu Q 2012 Growth and Mortality of Small Yellow Croaker (Larimichthys polyactis) Inhabiting Haizhou Bay of China. Journal of Ocean University of China 11(4).
Larimichthys polyactis,Small yellow croaker,2011,2011,weight at length,both,power function,6.4656*10^-5,NA,a,93,NA,Yellow Sea,Haizhou Bay,Liu Q 2012 Growth and Mortality of Small Yellow Croaker (Larimichthys polyactis) Inhabiting Haizhou Bay of China. Journal of Ocean University of China 11(4).
Larimichthys polyactis,Small yellow croaker,2011,2011,weight at length,both,power function,2.7252,NA,b,93,NA,Yellow Sea,Haizhou Bay,Liu Q 2012 Growth and Mortality of Small Yellow Croaker (Larimichthys polyactis) Inhabiting Haizhou Bay of China. Journal of Ocean University of China 11(4).
Larimichthys polyactis,Small yellow croaker,2011,2011,growth,both,von Bertalanffy,230,mm,Linf,921,ELEFAN,Yellow Sea,Haizhou Bay,Liu Q 2012 Growth and Mortality of Small Yellow Croaker (Larimichthys polyactis) Inhabiting Haizhou Bay of China. Journal of Ocean University of China 11(4).
Larimichthys polyactis,Small yellow croaker,2011,2011,growth,both,von Bertalanffy,0.26,NA,k,921,ELEFAN,Yellow Sea,Haizhou Bay,Liu Q 2012 Growth and Mortality of Small Yellow Croaker (Larimichthys polyactis) Inhabiting Haizhou Bay of China. Journal of Ocean University of China 11(4).
Larimichthys polyactis,Small yellow croaker,2011,2011,growth,both,von Bertalanffy,NA,NA,t0,921,ELEFAN,Yellow Sea,Haizhou Bay,Liu Q 2012 Growth and Mortality of Small Yellow Croaker (Larimichthys polyactis) Inhabiting Haizhou Bay of China. Journal of Ocean University of China 11(4).
Larimichthys polyactis,Small yellow croaker,2011,2011,total mortality,both,NA,1.15,NA,Z,921,length converted catch curve,Yellow Sea,Haizhou Bay,Liu Q 2012 Growth and Mortality of Small Yellow Croaker (Larimichthys polyactis) Inhabiting Haizhou Bay of China. Journal of Ocean University of China 11(4).
Larimichthys polyactis,Small yellow croaker,2011,2011,natural mortality,both,Pauly's empirical equation,0.516,NA,M,921,NA,Yellow Sea,Haizhou Bay,Liu Q 2012 Growth and Mortality of Small Yellow Croaker (Larimichthys polyactis) Inhabiting Haizhou Bay of China. Journal of Ocean University of China 11(4).
Larimichthys polyactis,Small yellow croaker,2011,2011,natural mortality,both,Pauly's empirical equation,11,°C,T,921,NA,Yellow Sea,Haizhou Bay,Liu Q 2012 Growth and Mortality of Small Yellow Croaker (Larimichthys polyactis) Inhabiting Haizhou Bay of China. Journal of Ocean University of China 11(4).
Larimichthys polyactis,Small yellow croaker,2011,2011,fishing mortality,both,NA,0.634,NA,F,921,NA,Yellow Sea,Haizhou Bay,Liu Q 2012 Growth and Mortality of Small Yellow Croaker (Larimichthys polyactis) Inhabiting Haizhou Bay of China. Journal of Ocean University of China 11(4).
Larimichthys polyactis,Small yellow croaker,1959,1959,growth,both,von Bertalanffy,330,mm,Linf,NA,NA,Yellow Sea,central and southern Yellow Sea,Shan XJ 2010 Seasonal and annual variations in biological characteristics of small yellow croaker Larimichthys polyactis in the central and southern Yellow Sea. Progress in Fishery Sciences 32(6).
Larimichthys polyactis,Small yellow croaker,1959,1959,growth,both,von Bertalanffy,0.17,NA,k,NA,NA,Yellow Sea,central and southern Yellow Sea,Shan XJ 2010 Seasonal and annual variations in biological characteristics of small yellow croaker Larimichthys polyactis in the central and southern Yellow Sea. Progress in Fishery Sciences 32(6).
Larimichthys polyactis,Small yellow croaker,1959,1959,growth,both,von Bertalanffy,-2.5,NA,t0,NA,NA,Yellow Sea,central and southern Yellow Sea,Shan XJ 2010 Seasonal and annual variations in biological characteristics of small yellow croaker Larimichthys polyactis in the central and southern Yellow Sea. Progress in Fishery Sciences 32(6).
Larimichthys polyactis,Small yellow croaker,1985,1985,growth,both,von Bertalanffy,361,mm,Linf,NA,NA,Yellow Sea,central and southern Yellow Sea,Shan XJ 2010 Seasonal and annual variations in biological characteristics of small yellow croaker Larimichthys polyactis in the central and southern Yellow Sea. Progress in Fishery Sciences 32(6).
Larimichthys polyactis,Small yellow croaker,1985,1985,growth,both,von Bertalanffy,0.22,NA,k,NA,NA,Yellow Sea,central and southern Yellow Sea,Shan XJ 2010 Seasonal and annual variations in biological characteristics of small yellow croaker Larimichthys polyactis in the central and southern Yellow Sea. Progress in Fishery Sciences 32(6).
Larimichthys polyactis,Small yellow croaker,1985,1985,growth,both,von Bertalanffy,-1.21,NA,t0,NA,NA,Yellow Sea,central and southern Yellow Sea,Shan XJ 2010 Seasonal and annual variations in biological characteristics of small yellow croaker Larimichthys polyactis in the central and southern Yellow Sea. Progress in Fishery Sciences 32(6).
Larimichthys polyactis,Small yellow croaker,2008,2008,growth,both,von Bertalanffy,270,mm,Linf,NA,NA,Yellow Sea,central and southern Yellow Sea,Shan XJ 2010 Seasonal and annual variations in biological characteristics of small yellow croaker Larimichthys polyactis in the central and southern Yellow Sea. Progress in Fishery Sciences 32(6).
Larimichthys polyactis,Small yellow croaker,2008,2008,growth,both,von Bertalanffy,0.45,NA,k,NA,NA,Yellow Sea,central and southern Yellow Sea,Shan XJ 2010 Seasonal and annual variations in biological characteristics of small yellow croaker Larimichthys polyactis in the central and southern Yellow Sea. Progress in Fishery Sciences 32(6).
Larimichthys polyactis,Small yellow croaker,2008,2008,growth,both,von Bertalanffy,-0.47,NA,t0,NA,NA,Yellow Sea,central and southern Yellow Sea,Shan XJ 2010 Seasonal and annual variations in biological characteristics of small yellow croaker Larimichthys polyactis in the central and southern Yellow Sea. Progress in Fishery Sciences 32(6).
Larimichthys polyactis,Small yellow croaker,1993,1998,growth,both,von Bertalanffy,366,mm,Linf,400,NA,"East China Sea, Yellow Sea",Lusi fishing grounds and ,
"Zhoushan fishing grounds""",Shui BN 2003  Study on the Age and Growth of Pseudosciaena polyactis in the South of the Yellow Sea and the North of the East China Sea. Journal of Zhejiang Ocean University 22(1). ,,,,,,,,,,,,,
Larimichthys polyactis,Small yellow croaker,1993,1998,growth,both,von Bertalanffy,0.11777,NA,k,400,NA,"East China Sea, Yellow Sea",Lusi fishing grounds and ,
"Zhoushan fishing grounds""",Shui BN 2003  Study on the Age and Growth of Pseudosciaena polyactis in the South of the Yellow Sea and the North of the East China Sea. Journal of Zhejiang Ocean University 22(1). ,,,,,,,,,,,,,
Larimichthys polyactis,Small yellow croaker,1993,1998,growth,both,von Bertalanffy,-1.76429,NA,t0,400,NA,"East China Sea, Yellow Sea",Lusi fishing grounds and ,
"Zhoushan fishing grounds""",Shui BN 2003  Study on the Age and Growth of Pseudosciaena polyactis in the South of the Yellow Sea and the North of the East China Sea. Journal of Zhejiang Ocean University 22(1). ,,,,,,,,,,,,,
Larimichthys polyactis,Small yellow croaker,1993,1998,growth,both,von Bertalanffy,1005,g,Winf,400,NA,"East China Sea, Yellow Sea",Lusi fishing grounds and ,
"Zhoushan fishing grounds""",Shui BN 2003  Study on the Age and Growth of Pseudosciaena polyactis in the South of the Yellow Sea and the North of the East China Sea. Journal of Zhejiang Ocean University 22(1). ,,,,,,,,,,,,,
Larimichthys polyactis,Small yellow croaker,1993,1998,weight at length,both,power function,3.62*10^-6,NA,a,400,NA,"East China Sea, Yellow Sea",Lusi fishing grounds and ,
"Zhoushan fishing grounds""",Shui BN 2003  Study on the Age and Growth of Pseudosciaena polyactis in the South of the Yellow Sea and the North of the East China Sea. Journal of Zhejiang Ocean University 22(1). ,,,,,,,,,,,,,
Larimichthys polyactis,Small yellow croaker,1993,1998,weight at length,both,power function,3.2938,NA,b,400,NA,"East China Sea, Yellow Sea",Lusi fishing grounds and ,
"Zhoushan fishing grounds""",Shui BN 2003  Study on the Age and Growth of Pseudosciaena polyactis in the South of the Yellow Sea and the North of the East China Sea. Journal of Zhejiang Ocean University 22(1). ,,,,,,,,,,,,,
Larimichthys polyactis,Small yellow croaker,2002,2003,growth,both,von Bertalanffy,212.57,mm,Linf,670,Ford-Walford,"East China Sea, Yellow Sea","31°N ～ 34°N , west of 126°E ",Yan LP et al 2006 Study on Age and Growth of Larimichthys polyactis in the East China Sea. Periodical of Ocean University of China 36(1).
Larimichthys polyactis,Small yellow croaker,2002,2003,growth,both,von Bertalanffy,0.43,NA,k,670,Ford-Walford,"East China Sea, Yellow Sea","31°N ～ 34°N , west of 126°E ",Yan LP et al 2006 Study on Age and Growth of Larimichthys polyactis in the East China Sea. Periodical of Ocean University of China 36(1).
Larimichthys polyactis,Small yellow croaker,2002,2003,growth,both,von Bertalanffy,-0.69,NA,t0,670,Ford-Walford,"East China Sea, Yellow Sea","31°N ～ 34°N , west of 126°E ",Yan LP et al 2006 Study on Age and Growth of Larimichthys polyactis in the East China Sea. Periodical of Ocean University of China 36(1).
Larimichthys polyactis,Small yellow croaker,2002,2003,growth,both,von Bertalanffy,168.73,g,Winf,670,Ford-Walford,"East China Sea, Yellow Sea","31°N ～ 34°N , west of 126°E ",Yan LP et al 2006 Study on Age and Growth of Larimichthys polyactis in the East China Sea. Periodical of Ocean University of China 36(1).
Larimichthys polyactis,Small yellow croaker,2002,2003,growth,both,von Bertalanffy,233.23,mm,Linf,670,non-linear regression,"East China Sea, Yellow Sea","31°N ～ 34°N , west of 126°E ",Yan LP et al 2006 Study on Age and Growth of Larimichthys polyactis in the East China Sea. Periodical of Ocean University of China 36(1).
Larimichthys polyactis,Small yellow croaker,2002,2003,growth,both,von Bertalanffy,0.29,NA,k,670,non-linear regression,"East China Sea, Yellow Sea","31°N ～ 34°N , west of 126°E ",Yan LP et al 2006 Study on Age and Growth of Larimichthys polyactis in the East China Sea. Periodical of Ocean University of China 36(1).
Larimichthys polyactis,Small yellow croaker,2002,2003,growth,both,von Bertalanffy,-1.4,NA,t0,670,non-linear regression,"East China Sea, Yellow Sea","31°N ～ 34°N , west of 126°E ",Yan LP et al 2006 Study on Age and Growth of Larimichthys polyactis in the East China Sea. Periodical of Ocean University of China 36(1).
Larimichthys polyactis,Small yellow croaker,2002,2003,growth,both,von Bertalanffy,225.27,g,Winf,670,non-linear regression,"East China Sea, Yellow Sea","31°N ～ 34°N , west of 126°E ",Yan LP et al 2006 Study on Age and Growth of Larimichthys polyactis in the East China Sea. Periodical of Ocean University of China 36(1).
Larimichthys polyactis,Small yellow croaker,2002,2003,weight at length,both,power function,9.4288*10^-6,,a,804,NA,"East China Sea, Yellow Sea","31°N ～ 34°N , west of 126°E ",Yan LP et al 2006 Study on Age and Growth of Larimichthys polyactis in the East China Sea. Periodical of Ocean University of China 36(1).
Larimichthys polyactis,Small yellow croaker,2002,2003,weight at length,both,power function,3.1161,NA,b,804,NA,"East China Sea, Yellow Sea","31°N ～ 34°N , west of 126°E ",Yan LP et al 2006 Study on Age and Growth of Larimichthys polyactis in the East China Sea. Periodical of Ocean University of China 36(1).
Larimichthys polyactis,Small yellow croaker,1959,1960,growth,both,von Bertalanffy,347.37,mm,Linf,NA,NA,NA,NA,王尧耕，熊国强，钱世勤．黄海南部、东海北部小黄鱼生长特征的研究//海洋渔业资源论文选集．北京: 农业出版社，1962: 72 －80]
Larimichthys polyactis,Small yellow croaker,1959,1960,growth,both,von Bertalanffy,0.24,NA,k,NA,NA,NA,NA,王尧耕，熊国强，钱世勤．黄海南部、东海北部小黄鱼生长特征的研究//海洋渔业资源论文选集．北京: 农业出版社，1962: 72 －80]
Larimichthys polyactis,Small yellow croaker,1983,1983,growth,both,von Bertalanffy,292,mm,Linf,NA,NA,NA,NA,赵传絪．东海区渔业资源调查和区划．上海:华东师范大学出版社，1987: 318 － 357
Larimichthys polyactis,Small yellow croaker,1983,1983,growth,both,von Bertalanffy,0.45,NA,k,NA,NA,NA,NA,赵传絪．东海区渔业资源调查和区划．上海:华东师范大学出版社，1987: 318 － 357
Larimichthys polyactis,Small yellow croaker,1993,1995,growth,both,von Bertalanffy,366,mm,Linf,NA,NA,NA,NA,Shui BN 2003  Study on the Age and Growth of Pseudosciaena polyactis in the South of the Yellow Sea and the North of the East China Sea. Journal of Zhejiang Ocean University 22(1). 
Larimichthys polyactis,Small yellow croaker,1993,1995,growth,both,von Bertalanffy,0.118,NA,k,NA,NA,NA,NA,Shui BN 2003  Study on the Age and Growth of Pseudosciaena polyactis in the South of the Yellow Sea and the North of the East China Sea. Journal of Zhejiang Ocean University 22(1). 
Larimichthys polyactis,Small yellow croaker,1998,1998,growth,both,von Bertalanffy,280,mm,Linf,NA,NA,NA,NA,Liu WH 1999 Analysis on the current exploitation of Pseudosciaena polyactis in the East China Sea. Journal of Shanghai Fisheries University 8(2). 
Larimichthys polyactis,Small yellow croaker,1998,1998,growth,both,von Bertalanffy,0.52,NA,k,NA,NA,NA,NA,Liu WH 1999 Analysis on the current exploitation of Pseudosciaena polyactis in the East China Sea. Journal of Shanghai Fisheries University 8(2). 
Larimichthys polyactis,Small yellow croaker,2001,2001,growth,both,von Bertalanffy,247.5,mm,Linf,NA,ELAFAN,Yellow Sea,31°30'N ～ 35°00'N、122°00',
31°30'N~35°00'N," 122°00'E~126°00'E""",Yan LP et al 2014 On the evolution of biological characteristics and resources of small yellow croaker. Marine Fisheries 36(6).,,,,,,,,,,,,
Larimichthys polyactis,Small yellow croaker,2001,2001,growth,both,von Bertalanffy,0.51,NA,k,NA,ELAFAN,Yellow Sea,31°30'N ～ 35°00'N、122°00',
31°30'N~35°00'N," 122°00'E~126°00'E""",Yan LP et al 2014 On the evolution of biological characteristics and resources of small yellow croaker. Marine Fisheries 36(6).,,,,,,,,,,,,
Larimichthys polyactis,Small yellow croaker,2003,2003,growth,both,von Bertalanffy,233.23,mm,Linf,NA,NA,NA,NA,Yan LP et al 2006 Study on Age and Growth of Larimichthys polyactis in the East China Sea. Periodical of Ocean University of China 36(1).
Larimichthys polyactis,Small yellow croaker,2003,2003,growth,both,von Bertalanffy,0.29,NA,k,NA,NA,NA,NA,Yan LP et al 2006 Study on Age and Growth of Larimichthys polyactis in the East China Sea. Periodical of Ocean University of China 36(1).
Larimichthys polyactis,Small yellow croaker,2007,2007,growth,both,von Bertalanffy,322.5,mm,Linf,NA,ELAFAN,Yellow Sea,31°30'N ～ 35°00'N、122°00',
31°30'N~35°00'N," 122°00'E~126°00'E""",Yan LP et al 2014 On the evolution of biological characteristics and resources of small yellow croaker. Marine Fisheries 36(6).,,,,,,,,,,,,
Larimichthys polyactis,Small yellow croaker,2011,2011,growth,both,von Bertalanffy,288.8,mm,Linf,NA,ELAFAN,Yellow Sea,31°30'N ～ 35°00'N、122°00',
31°30'N~35°00'N," 122°00'E~126°00'E""",Yan LP et al 2014 On the evolution of biological characteristics and resources of small yellow croaker. Marine Fisheries 36(6).,,,,,,,,,,,,
Larimichthys polyactis,Small yellow croaker,1959,1960,age at maturity,female,NA,1,y,NA,NA,NA,Yellow Sea,31°30'N ～ 35°00'N、122°00',
31°30'N~35°00'N," 122°00'E~126°00'E""",Yan LP et al 2014 On the evolution of biological characteristics and resources of small yellow croaker. Marine Fisheries 36(6).,,,,,,,,,,,,
Larimichthys polyactis,Small yellow croaker,1981,1981,age at maturity,female,NA,1,y,NA,NA,NA,Yellow Sea,31°30'N ～ 35°00'N、122°00',
31°30'N~35°00'N," 122°00'E~126°00'E""",Yan LP et al 2014 On the evolution of biological characteristics and resources of small yellow croaker. Marine Fisheries 36(6).,,,,,,,,,,,,
Larimichthys polyactis,Small yellow croaker,1993,1995,age at maturity,female,NA,1,y,NA,NA,NA,Yellow Sea,31°30'N ～ 35°00'N、122°00',
31°30'N~35°00'N," 122°00'E~126°00'E""",Yan LP et al 2014 On the evolution of biological characteristics and resources of small yellow croaker. Marine Fisheries 36(6).,,,,,,,,,,,,
Larimichthys polyactis,Small yellow croaker,2000,2000,age at maturity,female,NA,1,y,NA,NA,NA,Yellow Sea,31°30'N ～ 35°00'N、122°00',
31°30'N~35°00'N," 122°00'E~126°00'E""",Yan LP et al 2014 On the evolution of biological characteristics and resources of small yellow croaker. Marine Fisheries 36(6).,,,,,,,,,,,,
Larimichthys polyactis,Small yellow croaker,2001,2001,age at maturity,female,NA,1,y,NA,NA,NA,Yellow Sea,31°30'N ～ 35°00'N、122°00',
31°30'N~35°00'N," 122°00'E~126°00'E""",Yan LP et al 2014 On the evolution of biological characteristics and resources of small yellow croaker. Marine Fisheries 36(6).,,,,,,,,,,,,
Larimichthys polyactis,Small yellow croaker,2002,2002,age at maturity,female,NA,1,y,NA,NA,NA,Yellow Sea,31°30'N ～ 35°00'N、122°00',
31°30'N~35°00'N," 122°00'E~126°00'E""",Yan LP et al 2014 On the evolution of biological characteristics and resources of small yellow croaker. Marine Fisheries 36(6).,,,,,,,,,,,,
Larimichthys polyactis,Small yellow croaker,2003,2003,age at maturity,female,NA,1,y,NA,NA,NA,Yellow Sea,31°30'N ～ 35°00'N、122°00',
31°30'N~35°00'N," 122°00'E~126°00'E""",Yan LP et al 2014 On the evolution of biological characteristics and resources of small yellow croaker. Marine Fisheries 36(6).,,,,,,,,,,,,
Larimichthys polyactis,Small yellow croaker,2004,2004,age at maturity,female,NA,1,y,NA,NA,NA,Yellow Sea,31°30'N ～ 35°00'N、122°00',
31°30'N~35°00'N," 122°00'E~126°00'E""",Yan LP et al 2014 On the evolution of biological characteristics and resources of small yellow croaker. Marine Fisheries 36(6).,,,,,,,,,,,,
Larimichthys polyactis,Small yellow croaker,2005,2005,age at maturity,female,NA,1,y,NA,NA,NA,Yellow Sea,31°30'N ～ 35°00'N、122°00',
31°30'N~35°00'N," 122°00'E~126°00'E""",Yan LP et al 2014 On the evolution of biological characteristics and resources of small yellow croaker. Marine Fisheries 36(6).,,,,,,,,,,,,
Larimichthys polyactis,Small yellow croaker,2006,2006,age at maturity,female,NA,1,y,NA,NA,NA,Yellow Sea,31°30'N ～ 35°00'N、122°00',
31°30'N~35°00'N," 122°00'E~126°00'E""",Yan LP et al 2014 On the evolution of biological characteristics and resources of small yellow croaker. Marine Fisheries 36(6).,,,,,,,,,,,,
Larimichthys polyactis,Small yellow croaker,2007,2007,age at maturity,female,NA,1,y,NA,NA,NA,Yellow Sea,31°30'N ～ 35°00'N、122°00',
31°30'N~35°00'N," 122°00'E~126°00'E""",Yan LP et al 2014 On the evolution of biological characteristics and resources of small yellow croaker. Marine Fisheries 36(6).,,,,,,,,,,,,
Larimichthys polyactis,Small yellow croaker,2008,2008,age at maturity,female,NA,1,y,NA,NA,NA,Yellow Sea,31°30'N ～ 35°00'N、122°00',
31°30'N~35°00'N," 122°00'E~126°00'E""",Yan LP et al 2014 On the evolution of biological characteristics and resources of small yellow croaker. Marine Fisheries 36(6).,,,,,,,,,,,,
Larimichthys polyactis,Small yellow croaker,2010,2010,age at maturity,female,NA,1,y,NA,NA,NA,Yellow Sea,31°30'N ～ 35°00'N、122°00',
31°30'N~35°00'N," 122°00'E~126°00'E""",Yan LP et al 2014 On the evolution of biological characteristics and resources of small yellow croaker. Marine Fisheries 36(6).,,,,,,,,,,,,
Larimichthys polyactis,Small yellow croaker,2011,2011,age at maturity,female,NA,1,y,NA,NA,NA,Yellow Sea,31°30'N ～ 35°00'N、122°00',
31°30'N~35°00'N," 122°00'E~126°00'E""",Yan LP et al 2014 On the evolution of biological characteristics and resources of small yellow croaker. Marine Fisheries 36(6).,,,,,,,,,,,,
Larimichthys polyactis,Small yellow croaker,2012,2012,age at maturity,female,NA,1,y,NA,NA,NA,Yellow Sea,31°30'N ～ 35°00'N、122°00',
31°30'N~35°00'N," 122°00'E~126°00'E""",Yan LP et al 2014 On the evolution of biological characteristics and resources of small yellow croaker. Marine Fisheries 36(6).,,,,,,,,,,,,
Larimichthys polyactis,Small yellow croaker,2013,2013,age at maturity,female,NA,1,y,NA,NA,NA,Yellow Sea,31°30'N ～ 35°00'N、122°00',
31°30'N~35°00'N," 122°00'E~126°00'E""",Yan LP et al 2014 On the evolution of biological characteristics and resources of small yellow croaker. Marine Fisheries 36(6).,,,,,,,,,,,,
Larimichthys polyactis,Small yellow croaker,1998,1998,growth,both,von Bertalanffy,280,mm,Linf,161,Walford,East China Sea,NA,Liu WH 1999 Analysis on the current exploitation of Pseudosciaena polyactis in the East China Sea. Journal of Shanghai Fisheries University 8(2). 
Larimichthys polyactis,Small yellow croaker,1998,1998,growth,both,von Bertalanffy,0.52,NA,k,161,Walford,East China Sea,NA,Liu WH 1999 Analysis on the current exploitation of Pseudosciaena polyactis in the East China Sea. Journal of Shanghai Fisheries University 8(2). 
Larimichthys polyactis,Small yellow croaker,1998,1998,growth,both,von Bertalanffy,-0.45,NA,t0,161,Walford,East China Sea,NA,Liu WH 1999 Analysis on the current exploitation of Pseudosciaena polyactis in the East China Sea. Journal of Shanghai Fisheries University 8(2). 
Larimichthys polyactis,Small yellow croaker,1998,1998,growth,both,von Bertalanffy,304.8,g,Winf,161,Walford,East China Sea,NA,Liu WH 1999 Analysis on the current exploitation of Pseudosciaena polyactis in the East China Sea. Journal of Shanghai Fisheries University 8(2). 
Larimichthys polyactis,Small yellow croaker,1998,1998,weight at length,both,power function,1.765*10^-5,NA,a,161,NA,East China Sea,NA,Liu WH 1999 Analysis on the current exploitation of Pseudosciaena polyactis in the East China Sea. Journal of Shanghai Fisheries University 8(2). 
Larimichthys polyactis,Small yellow croaker,1998,1998,weight at length,both,power function,2.9574,NA,b,161,NA,East China Sea,NA,Liu WH 1999 Analysis on the current exploitation of Pseudosciaena polyactis in the East China Sea. Journal of Shanghai Fisheries University 8(2). 
Larimichthys polyactis,Small yellow croaker,1983,1983,growth,both,von Bertalanffy,292,mm,Linf,NA,NA,East China Sea,NA,Liu WH 1999 Analysis on the current exploitation of Pseudosciaena polyactis in the East China Sea. Journal of Shanghai Fisheries University 8(2). 
Larimichthys polyactis,Small yellow croaker,1983,1983,growth,both,von Bertalanffy,0.45,NA,k,NA,NA,East China Sea,NA,Liu WH 1999 Analysis on the current exploitation of Pseudosciaena polyactis in the East China Sea. Journal of Shanghai Fisheries University 8(2). 
Larimichthys polyactis,Small yellow croaker,1983,1983,growth,both,von Bertalanffy,-0.59,NA,t0,NA,NA,East China Sea,NA,Liu WH 1999 Analysis on the current exploitation of Pseudosciaena polyactis in the East China Sea. Journal of Shanghai Fisheries University 8(2). 
Larimichthys polyactis,Small yellow croaker,1983,1983,growth,both,von Bertalanffy,453.2,g,Winf,NA,NA,East China Sea,NA,Liu WH 1999 Analysis on the current exploitation of Pseudosciaena polyactis in the East China Sea. Journal of Shanghai Fisheries University 8(2). 
Larimichthys polyactis,Small yellow croaker,1983,1983,growth,both,von Bertalanffy,2.915,NA,b,NA,NA,East China Sea,NA,Liu WH 1999 Analysis on the current exploitation of Pseudosciaena polyactis in the East China Sea. Journal of Shanghai Fisheries University 8(2). 
Larimichthys polyactis,Small yellow croaker,2004,2004,weight at length,both,power function,2*10^-4,NA,a,NA,NA,East China Sea,"artificial reef areas of Shengsi, Zhejiang Province","Yin ZQ et al 2010 Growth variation and rational utilization of small yellow croaker (Larimichthys polyactis) in artificial reef areas of Shengsi, Zhejiang Province"
Larimichthys polyactis,Small yellow croaker,2004,2004,weight at length,both,power function,2.45,NA,b,NA,NA,East China Sea,"artificial reef areas of Shengsi, Zhejiang Province","Yin ZQ et al 2010 Growth variation and rational utilization of small yellow croaker (Larimichthys polyactis) in artificial reef areas of Shengsi, Zhejiang Province"
Larimichthys polyactis,Small yellow croaker,2005,2005,weight at length,both,power function,5.91*10^-5,NA,a,NA,NA,East China Sea,"artificial reef areas of Shengsi, Zhejiang Province","Yin ZQ et al 2010 Growth variation and rational utilization of small yellow croaker (Larimichthys polyactis) in artificial reef areas of Shengsi, Zhejiang Province"
Larimichthys polyactis,Small yellow croaker,2005,2005,weight at length,both,power function,2.7502,NA,b,NA,NA,East China Sea,"artificial reef areas of Shengsi, Zhejiang Province","Yin ZQ et al 2010 Growth variation and rational utilization of small yellow croaker (Larimichthys polyactis) in artificial reef areas of Shengsi, Zhejiang Province"
Larimichthys polyactis,Small yellow croaker,2006,2006,weight at length,both,power function,3.27*10^-5,NA,a,NA,NA,East China Sea,"artificial reef areas of Shengsi, Zhejiang Province","Yin ZQ et al 2010 Growth variation and rational utilization of small yellow croaker (Larimichthys polyactis) in artificial reef areas of Shengsi, Zhejiang Province"
Larimichthys polyactis,Small yellow croaker,2006,2006,weight at length,both,power function,2.8757,NA,b,NA,NA,East China Sea,"artificial reef areas of Shengsi, Zhejiang Province","Yin ZQ et al 2010 Growth variation and rational utilization of small yellow croaker (Larimichthys polyactis) in artificial reef areas of Shengsi, Zhejiang Province"
Larimichthys polyactis,Small yellow croaker,2007,2007,weight at length,both,power function,1.92*10^-5,NA,a,NA,NA,East China Sea,"artificial reef areas of Shengsi, Zhejiang Province","Yin ZQ et al 2010 Growth variation and rational utilization of small yellow croaker (Larimichthys polyactis) in artificial reef areas of Shengsi, Zhejiang Province"
Larimichthys polyactis,Small yellow croaker,2007,2007,weight at length,both,power function,2.9924,NA,b,NA,NA,East China Sea,"artificial reef areas of Shengsi, Zhejiang Province","Yin ZQ et al 2010 Growth variation and rational utilization of small yellow croaker (Larimichthys polyactis) in artificial reef areas of Shengsi, Zhejiang Province"
Larimichthys polyactis,Small yellow croaker,2004,2004,growth,both,von Bertalanffy,140.5,mm,Linf,NA,ELEFAN,East China Sea,"artificial reef areas of Shengsi, Zhejiang Province","Yin ZQ et al 2010 Growth variation and rational utilization of small yellow croaker (Larimichthys polyactis) in artificial reef areas of Shengsi, Zhejiang Province"
Larimichthys polyactis,Small yellow croaker,2004,2004,growth,both,von Bertalanffy,0.27,NA,k,NA,ELEFAN,East China Sea,"artificial reef areas of Shengsi, Zhejiang Province","Yin ZQ et al 2010 Growth variation and rational utilization of small yellow croaker (Larimichthys polyactis) in artificial reef areas of Shengsi, Zhejiang Province"
Larimichthys polyactis,Small yellow croaker,2004,2004,growth,both,von Bertalanffy,-0.65,NA,t0,NA,ELEFAN,East China Sea,"artificial reef areas of Shengsi, Zhejiang Province","Yin ZQ et al 2010 Growth variation and rational utilization of small yellow croaker (Larimichthys polyactis) in artificial reef areas of Shengsi, Zhejiang Province"
Larimichthys polyactis,Small yellow croaker,2004,2004,growth,both,von Bertalanffy,36.5,g,Winf,NA,ELEFAN,East China Sea,"artificial reef areas of Shengsi, Zhejiang Province","Yin ZQ et al 2010 Growth variation and rational utilization of small yellow croaker (Larimichthys polyactis) in artificial reef areas of Shengsi, Zhejiang Province"
Larimichthys polyactis,Small yellow croaker,2005,2005,growth,both,von Bertalanffy,166.5,mm,Linf,NA,ELEFAN,East China Sea,"artificial reef areas of Shengsi, Zhejiang Province","Yin ZQ et al 2010 Growth variation and rational utilization of small yellow croaker (Larimichthys polyactis) in artificial reef areas of Shengsi, Zhejiang Province"
Larimichthys polyactis,Small yellow croaker,2005,2005,growth,both,von Bertalanffy,0.26,NA,k,NA,ELEFAN,East China Sea,"artificial reef areas of Shengsi, Zhejiang Province","Yin ZQ et al 2010 Growth variation and rational utilization of small yellow croaker (Larimichthys polyactis) in artificial reef areas of Shengsi, Zhejiang Province"
Larimichthys polyactis,Small yellow croaker,2005,2005,growth,both,von Bertalanffy,-0.67,NA,t0,NA,ELEFAN,East China Sea,"artificial reef areas of Shengsi, Zhejiang Province","Yin ZQ et al 2010 Growth variation and rational utilization of small yellow croaker (Larimichthys polyactis) in artificial reef areas of Shengsi, Zhejiang Province"
Larimichthys polyactis,Small yellow croaker,2005,2005,growth,both,von Bertalanffy,76,g,Winf,NA,ELEFAN,East China Sea,"artificial reef areas of Shengsi, Zhejiang Province","Yin ZQ et al 2010 Growth variation and rational utilization of small yellow croaker (Larimichthys polyactis) in artificial reef areas of Shengsi, Zhejiang Province"
Larimichthys polyactis,Small yellow croaker,2006,2006,growth,both,von Bertalanffy,182.5,mm,Linf,NA,ELEFAN,East China Sea,"artificial reef areas of Shengsi, Zhejiang Province","Yin ZQ et al 2010 Growth variation and rational utilization of small yellow croaker (Larimichthys polyactis) in artificial reef areas of Shengsi, Zhejiang Province"
Larimichthys polyactis,Small yellow croaker,2006,2006,growth,both,von Bertalanffy,0.35,NA,k,NA,ELEFAN,East China Sea,"artificial reef areas of Shengsi, Zhejiang Province","Yin ZQ et al 2010 Growth variation and rational utilization of small yellow croaker (Larimichthys polyactis) in artificial reef areas of Shengsi, Zhejiang Province"
Larimichthys polyactis,Small yellow croaker,2006,2006,growth,both,von Bertalanffy,-0.48,NA,t0,NA,ELEFAN,East China Sea,"artificial reef areas of Shengsi, Zhejiang Province","Yin ZQ et al 2010 Growth variation and rational utilization of small yellow croaker (Larimichthys polyactis) in artificial reef areas of Shengsi, Zhejiang Province"
Larimichthys polyactis,Small yellow croaker,2006,2006,growth,both,von Bertalanffy,103.7,g,Winf,NA,ELEFAN,East China Sea,"artificial reef areas of Shengsi, Zhejiang Province","Yin ZQ et al 2010 Growth variation and rational utilization of small yellow croaker (Larimichthys polyactis) in artificial reef areas of Shengsi, Zhejiang Province"
Larimichthys polyactis,Small yellow croaker,2007,2007,growth,both,von Bertalanffy,186,mm,Linf,NA,ELEFAN,East China Sea,"artificial reef areas of Shengsi, Zhejiang Province","Yin ZQ et al 2010 Growth variation and rational utilization of small yellow croaker (Larimichthys polyactis) in artificial reef areas of Shengsi, Zhejiang Province"
Larimichthys polyactis,Small yellow croaker,2007,2007,growth,both,von Bertalanffy,0.36,NA,k,NA,ELEFAN,East China Sea,"artificial reef areas of Shengsi, Zhejiang Province","Yin ZQ et al 2010 Growth variation and rational utilization of small yellow croaker (Larimichthys polyactis) in artificial reef areas of Shengsi, Zhejiang Province"
Larimichthys polyactis,Small yellow croaker,2007,2007,growth,both,von Bertalanffy,-0.46,NA,t0,NA,ELEFAN,East China Sea,"artificial reef areas of Shengsi, Zhejiang Province","Yin ZQ et al 2010 Growth variation and rational utilization of small yellow croaker (Larimichthys polyactis) in artificial reef areas of Shengsi, Zhejiang Province"
Larimichthys polyactis,Small yellow croaker,2007,2007,growth,both,von Bertalanffy,118.5,g,Winf,NA,ELEFAN,East China Sea,"artificial reef areas of Shengsi, Zhejiang Province","Yin ZQ et al 2010 Growth variation and rational utilization of small yellow croaker (Larimichthys polyactis) in artificial reef areas of Shengsi, Zhejiang Province"
Larimichthys polyactis,Small yellow croaker,2004,2004,total mortality,both,NA,1.065,NA,Z,NA,Beverton-Holt,East China Sea,"artificial reef areas of Shengsi, Zhejiang Province","Yin ZQ et al 2010 Growth variation and rational utilization of small yellow croaker (Larimichthys polyactis) in artificial reef areas of Shengsi, Zhejiang Province"
Larimichthys polyactis,Small yellow croaker,2005,2005,total mortality,both,NA,0.163,NA,Z,NA,Beverton-Holt,East China Sea,"artificial reef areas of Shengsi, Zhejiang Province","Yin ZQ et al 2010 Growth variation and rational utilization of small yellow croaker (Larimichthys polyactis) in artificial reef areas of Shengsi, Zhejiang Province"
Larimichthys polyactis,Small yellow croaker,2006,2006,total mortality,both,NA,0.304,NA,Z,NA,Beverton-Holt,East China Sea,"artificial reef areas of Shengsi, Zhejiang Province","Yin ZQ et al 2010 Growth variation and rational utilization of small yellow croaker (Larimichthys polyactis) in artificial reef areas of Shengsi, Zhejiang Province"
Larimichthys polyactis,Small yellow croaker,2007,2007,total mortality,both,NA,0.75,NA,Z,NA,Beverton-Holt,East China Sea,"artificial reef areas of Shengsi, Zhejiang Province","Yin ZQ et al 2010 Growth variation and rational utilization of small yellow croaker (Larimichthys polyactis) in artificial reef areas of Shengsi, Zhejiang Province"
Larimichthys polyactis,Small yellow croaker,1960,1960,weight at length,both,power function,1.22*10^-5,NA,a,2000,NA,Yellow Sea,"120°30′~124°00′E, 33°30′~36°00′N",Zhang GZ et al 2010 Changes of biological characteristics of small yellow croaker (Larimichthys polyactis) in the central and southern Yellow Sea
Larimichthys polyactis,Small yellow croaker,1960,1960,weight at length,both,power function,3.246,NA,b,2000,NA,Yellow Sea,"120°30′~124°00′E, 33°30′~36°00′N",Zhang GZ et al 2010 Changes of biological characteristics of small yellow croaker (Larimichthys polyactis) in the central and southern Yellow Sea
Larimichthys polyactis,Small yellow croaker,1985,1985,weight at length,both,power function,1.10*10^-5,NA,a,1500,NA,Yellow Sea,"120°30′~124°00′E, 33°30′~36°00′N",Zhang GZ et al 2010 Changes of biological characteristics of small yellow croaker (Larimichthys polyactis) in the central and southern Yellow Sea
Larimichthys polyactis,Small yellow croaker,1985,1985,weight at length,both,power function,3.079,NA,b,1500,NA,Yellow Sea,"120°30′~124°00′E, 33°30′~36°00′N",Zhang GZ et al 2010 Changes of biological characteristics of small yellow croaker (Larimichthys polyactis) in the central and southern Yellow Sea
Larimichthys polyactis,Small yellow croaker,1998,1998,weight at length,both,power function,1.66*10^-5,NA,a,2000,NA,Yellow Sea,"120°30′~124°00′E, 33°30′~36°00′N",Zhang GZ et al 2010 Changes of biological characteristics of small yellow croaker (Larimichthys polyactis) in the central and southern Yellow Sea
Larimichthys polyactis,Small yellow croaker,1998,1998,weight at length,both,power function,3.008,NA,b,2000,NA,Yellow Sea,"120°30′~124°00′E, 33°30′~36°00′N",Zhang GZ et al 2010 Changes of biological characteristics of small yellow croaker (Larimichthys polyactis) in the central and southern Yellow Sea
Larimichthys polyactis,Small yellow croaker,2008,2008,weight at length,both,power function,3.91*10^-5,NA,a,2000,NA,Yellow Sea,"120°30′~124°00′E, 33°30′~36°00′N",Zhang GZ et al 2010 Changes of biological characteristics of small yellow croaker (Larimichthys polyactis) in the central and southern Yellow Sea
Larimichthys polyactis,Small yellow croaker,2008,2008,weight at length,both,power function,2.831,NA,b,2000,NA,Yellow Sea,"120°30′~124°00′E, 33°30′~36°00′N",Zhang GZ et al 2010 Changes of biological characteristics of small yellow croaker (Larimichthys polyactis) in the central and southern Yellow Sea
Larimichthys polyactis,Small yellow croaker,1960,1960,growth,both,von Bertalanffy,34.21,cm,Linf,2000,ELEFAN I,Yellow Sea,"120°30′~124°00′E, 33°30′~36°00′N",Zhang GZ et al 2010 Changes of biological characteristics of small yellow croaker (Larimichthys polyactis) in the central and southern Yellow Sea
Larimichthys polyactis,Small yellow croaker,1960,1960,growth,both,von Bertalanffy,0.26,NA,k,2000,ELEFAN I,Yellow Sea,"120°30′~124°00′E, 33°30′~36°00′N",Zhang GZ et al 2010 Changes of biological characteristics of small yellow croaker (Larimichthys polyactis) in the central and southern Yellow Sea
Larimichthys polyactis,Small yellow croaker,1960,1960,growth,both,von Bertalanffy,-0.58,NA,t0,2000,ELEFAN I,Yellow Sea,"120°30′~124°00′E, 33°30′~36°00′N",Zhang GZ et al 2010 Changes of biological characteristics of small yellow croaker (Larimichthys polyactis) in the central and southern Yellow Sea
Larimichthys polyactis,Small yellow croaker,1985,1985,growth,both,von Bertalanffy,30.17,cm,Linf,1500,ELEFAN I,Yellow Sea,"120°30′~124°00′E, 33°30′~36°00′N",Zhang GZ et al 2010 Changes of biological characteristics of small yellow croaker (Larimichthys polyactis) in the central and southern Yellow Sea
Larimichthys polyactis,Small yellow croaker,1985,1985,growth,both,von Bertalanffy,0.4,NA,k,1500,ELEFAN I,Yellow Sea,"120°30′~124°00′E, 33°30′~36°00′N",Zhang GZ et al 2010 Changes of biological characteristics of small yellow croaker (Larimichthys polyactis) in the central and southern Yellow Sea
Larimichthys polyactis,Small yellow croaker,1985,1985,growth,both,von Bertalanffy,-0.37,NA,t0,1500,ELEFAN I,Yellow Sea,"120°30′~124°00′E, 33°30′~36°00′N",Zhang GZ et al 2010 Changes of biological characteristics of small yellow croaker (Larimichthys polyactis) in the central and southern Yellow Sea
Larimichthys polyactis,Small yellow croaker,1998,1998,growth,both,von Bertalanffy,25.54,cm,Linf,2000,ELEFAN I,Yellow Sea,"120°30′~124°00′E, 33°30′~36°00′N",Zhang GZ et al 2010 Changes of biological characteristics of small yellow croaker (Larimichthys polyactis) in the central and southern Yellow Sea
Larimichthys polyactis,Small yellow croaker,1998,1998,growth,both,von Bertalanffy,0.48,NA,k,2000,ELEFAN I,Yellow Sea,"120°30′~124°00′E, 33°30′~36°00′N",Zhang GZ et al 2010 Changes of biological characteristics of small yellow croaker (Larimichthys polyactis) in the central and southern Yellow Sea
Larimichthys polyactis,Small yellow croaker,1998,1998,growth,both,von Bertalanffy,-0.3,NA,t0,2000,ELEFAN I,Yellow Sea,"120°30′~124°00′E, 33°30′~36°00′N",Zhang GZ et al 2010 Changes of biological characteristics of small yellow croaker (Larimichthys polyactis) in the central and southern Yellow Sea
Larimichthys polyactis,Small yellow croaker,2008,2008,growth,both,von Bertalanffy,24.06,cm,Linf,2000,ELEFAN I,Yellow Sea,"120°30′~124°00′E, 33°30′~36°00′N",Zhang GZ et al 2010 Changes of biological characteristics of small yellow croaker (Larimichthys polyactis) in the central and southern Yellow Sea
Larimichthys polyactis,Small yellow croaker,2008,2008,growth,both,von Bertalanffy,0.56,NA,k,2000,ELEFAN I,Yellow Sea,"120°30′~124°00′E, 33°30′~36°00′N",Zhang GZ et al 2010 Changes of biological characteristics of small yellow croaker (Larimichthys polyactis) in the central and southern Yellow Sea
Larimichthys polyactis,Small yellow croaker,2008,2008,growth,both,von Bertalanffy,-0.25,NA,t0,2000,ELEFAN I,Yellow Sea,"120°30′~124°00′E, 33°30′~36°00′N",Zhang GZ et al 2010 Changes of biological characteristics of small yellow croaker (Larimichthys polyactis) in the central and southern Yellow Sea
Larimichthys polyactis,Small yellow croaker,1960,1960,total mortality,both,NA,0.51,NA,Z,2000,length-converted catch curve,Yellow Sea,"120°30′~124°00′E, 33°30′~36°00′N",Zhang GZ et al 2010 Changes of biological characteristics of small yellow croaker (Larimichthys polyactis) in the central and southern Yellow Sea
Larimichthys polyactis,Small yellow croaker,1960,1960,natural mortality,both,NA,0.24,NA,M,2000,NA,Yellow Sea,"120°30′~124°00′E, 33°30′~36°00′N",Zhang GZ et al 2010 Changes of biological characteristics of small yellow croaker (Larimichthys polyactis) in the central and southern Yellow Sea
Larimichthys polyactis,Small yellow croaker,1960,1960,fishing mortality,both,NA,0.27,NA,F,2000,NA,Yellow Sea,"120°30′~124°00′E, 33°30′~36°00′N",Zhang GZ et al 2010 Changes of biological characteristics of small yellow croaker (Larimichthys polyactis) in the central and southern Yellow Sea
Larimichthys polyactis,Small yellow croaker,1985,1985,total mortality,both,NA,1.8,NA,Z,1500,length-converted catch curve,Yellow Sea,"120°30′~124°00′E, 33°30′~36°00′N",Zhang GZ et al 2010 Changes of biological characteristics of small yellow croaker (Larimichthys polyactis) in the central and southern Yellow Sea
Larimichthys polyactis,Small yellow croaker,1985,1985,natural mortality,both,NA,0.33,NA,M,1500,NA,Yellow Sea,"120°30′~124°00′E, 33°30′~36°00′N",Zhang GZ et al 2010 Changes of biological characteristics of small yellow croaker (Larimichthys polyactis) in the central and southern Yellow Sea
Larimichthys polyactis,Small yellow croaker,1985,1985,fishing mortality,both,NA,1.47,NA,F,1500,NA,Yellow Sea,"120°30′~124°00′E, 33°30′~36°00′N",Zhang GZ et al 2010 Changes of biological characteristics of small yellow croaker (Larimichthys polyactis) in the central and southern Yellow Sea
Larimichthys polyactis,Small yellow croaker,1998,1998,total mortality,both,NA,2.84,NA,Z,2000,length-converted catch curve,Yellow Sea,"120°30′~124°00′E, 33°30′~36°00′N",Zhang GZ et al 2010 Changes of biological characteristics of small yellow croaker (Larimichthys polyactis) in the central and southern Yellow Sea
Larimichthys polyactis,Small yellow croaker,1998,1998,natural mortality,both,NA,0.39,NA,M,2000,NA,Yellow Sea,"120°30′~124°00′E, 33°30′~36°00′N",Zhang GZ et al 2010 Changes of biological characteristics of small yellow croaker (Larimichthys polyactis) in the central and southern Yellow Sea
Larimichthys polyactis,Small yellow croaker,1998,1998,fishing mortality,both,NA,2.45,NA,F,2000,NA,Yellow Sea,"120°30′~124°00′E, 33°30′~36°00′N",Zhang GZ et al 2010 Changes of biological characteristics of small yellow croaker (Larimichthys polyactis) in the central and southern Yellow Sea
Larimichthys polyactis,Small yellow croaker,2008,2008,total mortality,both,NA,2.89,NA,Z,2000,length-converted catch curve,Yellow Sea,"120°30′~124°00′E, 33°30′~36°00′N",Zhang GZ et al 2010 Changes of biological characteristics of small yellow croaker (Larimichthys polyactis) in the central and southern Yellow Sea
Larimichthys polyactis,Small yellow croaker,2008,2008,natural mortality,both,NA,0.43,NA,M,2000,NA,Yellow Sea,"120°30′~124°00′E, 33°30′~36°00′N",Zhang GZ et al 2010 Changes of biological characteristics of small yellow croaker (Larimichthys polyactis) in the central and southern Yellow Sea
Larimichthys polyactis,Small yellow croaker,2008,2008,fishing mortality,both,NA,2.46,NA,F,2000,NA,Yellow Sea,"120°30′~124°00′E, 33°30′~36°00′N",Zhang GZ et al 2010 Changes of biological characteristics of small yellow croaker (Larimichthys polyactis) in the central and southern Yellow Sea
Larimichthys polyactis,Small yellow croaker,2008,2009,growth,both,von Bertalanffy,27,cm,Linf,1707,ELEFAN I,Yellow Sea,"121°30′~123°30′E, 32°~34 °N","Zhang GZ et al 2010 Growth, mortality and optimum catchable size of small yellow croaker (Larimichthys polyactis Bleeker) in the Southern Yellow Sea. Journal of Fishery Sciences of China 17(4). "
Larimichthys polyactis,Small yellow croaker,2008,2009,growth,both,von Bertalanffy,0.45,NA,k,1707,ELEFAN I,Yellow Sea,"121°30′~123°30′E, 32°~34 °N","Zhang GZ et al 2010 Growth, mortality and optimum catchable size of small yellow croaker (Larimichthys polyactis Bleeker) in the Southern Yellow Sea. Journal of Fishery Sciences of China 17(4). "
Larimichthys polyactis,Small yellow croaker,2008,2009,growth,both,von Bertalanffy,-0.47,NA,t0,1707,ELEFAN I,Yellow Sea,"121°30′~123°30′E, 32°~34 °N","Zhang GZ et al 2010 Growth, mortality and optimum catchable size of small yellow croaker (Larimichthys polyactis Bleeker) in the Southern Yellow Sea. Journal of Fishery Sciences of China 17(4). "
Larimichthys polyactis,Small yellow croaker,2008,2009,weight at length,both,power function,0.0268,NA,a,1707,NA,Yellow Sea,"121°30′~123°30′E, 32°~34 °N","Zhang GZ et al 2010 Growth, mortality and optimum catchable size of small yellow croaker (Larimichthys polyactis Bleeker) in the Southern Yellow Sea. Journal of Fishery Sciences of China 17(4). "
Larimichthys polyactis,Small yellow croaker,2008,2009,weight at length,both,power function,2.814,NA,b,1707,NA,Yellow Sea,"121°30′~123°30′E, 32°~34 °N","Zhang GZ et al 2010 Growth, mortality and optimum catchable size of small yellow croaker (Larimichthys polyactis Bleeker) in the Southern Yellow Sea. Journal of Fishery Sciences of China 17(4). "
Larimichthys polyactis,Small yellow croaker,2008,2009,total mortality,both,NA,2.4,NA,Z,1707,length-converted catch curve,Yellow Sea,"121°30′~123°30′E, 32°~34 °N","Zhang GZ et al 2010 Growth, mortality and optimum catchable size of small yellow croaker (Larimichthys polyactis Bleeker) in the Southern Yellow Sea. Journal of Fishery Sciences of China 17(4). "
Larimichthys polyactis,Small yellow croaker,2008,2009,natural mortality,both,Pauly's empirical equation,0.77,NA,M,1707,NA,Yellow Sea,"121°30′~123°30′E, 32°~34 °N","Zhang GZ et al 2010 Growth, mortality and optimum catchable size of small yellow croaker (Larimichthys polyactis Bleeker) in the Southern Yellow Sea. Journal of Fishery Sciences of China 17(4). "
Larimichthys polyactis,Small yellow croaker,2008,2009,natural mortality,both,Pauly's empirical equation,13.6,°C,T,1707,NA,Yellow Sea,"121°30′~123°30′E, 32°~34 °N","Zhang GZ et al 2010 Growth, mortality and optimum catchable size of small yellow croaker (Larimichthys polyactis Bleeker) in the Southern Yellow Sea. Journal of Fishery Sciences of China 17(4). "
Larimichthys polyactis,Small yellow croaker,2008,2009,fishing mortality,both,NA,1.63,NA,F,1707,NA,Yellow Sea,"121°30′~123°30′E, 32°~34 °N","Zhang GZ et al 2010 Growth, mortality and optimum catchable size of small yellow croaker (Larimichthys polyactis Bleeker) in the Southern Yellow Sea. Journal of Fishery Sciences of China 17(4). "
Larimichthys polyactis,Small yellow croaker,2008,2009,exploitation rate,both,NA,0.68,NA,E,1707,NA,Yellow Sea,"121°30′~123°30′E, 32°~34 °N","Zhang GZ et al 2010 Growth, mortality and optimum catchable size of small yellow croaker (Larimichthys polyactis Bleeker) in the Southern Yellow Sea. Journal of Fishery Sciences of China 17(4). "
Larimichthys polyactis,Small yellow croaker,2008,2008,weight at length,both,power function,3.76*10^-5,NA,a,1347,NA,Yellow Sea,central and southern Yellow Sea,Zhang GZ et al 2010 The growth characteristics of small yellow croaker Larimichthys polyactis underyearling in the central and southern Yellow Sea. Progress in Fishery Sciences 31(3).
Larimichthys polyactis,Small yellow croaker,2008,2008,weight at length,both,power function,2.8303,NA,b,1347,NA,Yellow Sea,central and southern Yellow Sea,Zhang GZ et al 2010 The growth characteristics of small yellow croaker Larimichthys polyactis underyearling in the central and southern Yellow Sea. Progress in Fishery Sciences 31(3).
Larimichthys polyactis,Small yellow croaker,1958,1958,growth,both,von Bertalanffy,260,g,Winf,NA,NA,NA,NA,Luo BZ et al 1993 Population dynamics and life history patterns for main marine fishes in the coastal waters of China. Studia Marina Sinica 34. 
Larimichthys polyactis,Small yellow croaker,1958,1958,growth,both,von Bertalanffy,0.33,,k,NA,NA,NA,NA,Luo BZ et al 1993 Population dynamics and life history patterns for main marine fishes in the coastal waters of China. Studia Marina Sinica 34. 
Larimichthys polyactis,Small yellow croaker,1959,1959,growth,both,von Bertalanffy,286,g,Winf,NA,NA,NA,NA,Luo BZ et al 1993 Population dynamics and life history patterns for main marine fishes in the coastal waters of China. Studia Marina Sinica 34. 
Larimichthys polyactis,Small yellow croaker,1959,1959,growth,both,von Bertalanffy,0.29,,k,NA,NA,NA,NA,Luo BZ et al 1993 Population dynamics and life history patterns for main marine fishes in the coastal waters of China. Studia Marina Sinica 34. 
Larimichthys polyactis,Small yellow croaker,1963,1963,growth,both,von Bertalanffy,300,g,Winf,NA,NA,NA,NA,Luo BZ et al 1993 Population dynamics and life history patterns for main marine fishes in the coastal waters of China. Studia Marina Sinica 34. 
Larimichthys polyactis,Small yellow croaker,1963,1963,growth,both,von Bertalanffy,0.45,,k,NA,NA,NA,NA,Luo BZ et al 1993 Population dynamics and life history patterns for main marine fishes in the coastal waters of China. Studia Marina Sinica 34. 
Larimichthys polyactis,Small yellow croaker,1964,1964,growth,both,von Bertalanffy,341,g,Winf,NA,NA,NA,NA,Luo BZ et al 1993 Population dynamics and life history patterns for main marine fishes in the coastal waters of China. Studia Marina Sinica 34. 
Larimichthys polyactis,Small yellow croaker,1964,1964,growth,both,von Bertalanffy,0.4,,k,NA,NA,NA,NA,Luo BZ et al 1993 Population dynamics and life history patterns for main marine fishes in the coastal waters of China. Studia Marina Sinica 34. 
Larimichthys polyactis,Small yellow croaker,1983,1983,growth,both,von Bertalanffy,453,g,Winf,NA,NA,NA,NA,Luo BZ et al 1993 Population dynamics and life history patterns for main marine fishes in the coastal waters of China. Studia Marina Sinica 34. 
Larimichthys polyactis,Small yellow croaker,1983,1983,growth,both,von Bertalanffy,0.45,,k,NA,NA,NA,NA,Luo BZ et al 1993 Population dynamics and life history patterns for main marine fishes in the coastal waters of China. Studia Marina Sinica 34. 
Larimichthys polyactis,Small yellow croaker,1986,1986,growth,both,von Bertalanffy,357,g,Winf,NA,NA,NA,NA,Luo BZ et al 1993 Population dynamics and life history patterns for main marine fishes in the coastal waters of China. Studia Marina Sinica 34. 
Larimichthys polyactis,Small yellow croaker,1986,1986,growth,both,von Bertalanffy,0.45,,k,NA,NA,NA,NA,Luo BZ et al 1993 Population dynamics and life history patterns for main marine fishes in the coastal waters of China. Studia Marina Sinica 34. 
Larimichthys polyactis,Small yellow croaker,2011,2011,weight at length,both,power function,2.6*10^-5,NA,a,995,NA,East China Sea,northern East China Sea,Wang 2013 Study on fishery biology in the Northern East China Sea. Master's dissertation submitted to Zhejiang Ocean University. 
Larimichthys polyactis,Small yellow croaker,2011,2011,weight at length,both,power function,1.9304,NA,b,995,NA,East China Sea,northern East China Sea,Wang 2013 Study on fishery biology in the Northern East China Sea. Master's dissertation submitted to Zhejiang Ocean University. 
Larimichthys polyactis,Small yellow croaker,2008,2009,weight at length,both,power function,0.0107,NA,a,295,NA,Yellow Sea,Jiaozhou Bay,"Xue Y et al 2010 Length-weight relationships of fish species caught by bottom trawl in Jiaozhou Bay, China. Journal of Applied Ichthyology 27(2011)."
Larimichthys polyactis,Small yellow croaker,2008,2009,weight at length,both,power function,2.914,NA,b,295,NA,Yellow Sea,Jiaozhou Bay,"Xue Y et al 2010 Length-weight relationships of fish species caught by bottom trawl in Jiaozhou Bay, China. Journal of Applied Ichthyology 27(2011)."
Larimichthys polyactis,Small yellow croaker,2008,2009,weight at length,female,power function,0.0091,NA,a,203,NA,Yellow Sea,Jiaozhou Bay,"Xue Y et al 2010 Length-weight relationships of fish species caught by bottom trawl in Jiaozhou Bay, China. Journal of Applied Ichthyology 27(2011)."
Larimichthys polyactis,Small yellow croaker,2008,2009,weight at length,female,power function,2.97,NA,b,203,NA,Yellow Sea,Jiaozhou Bay,"Xue Y et al 2010 Length-weight relationships of fish species caught by bottom trawl in Jiaozhou Bay, China. Journal of Applied Ichthyology 27(2011)."
Larimichthys polyactis,Small yellow croaker,2008,2009,weight at length,male,power function,0.0144,NA,a,92,NA,Yellow Sea,Jiaozhou Bay,"Xue Y et al 2010 Length-weight relationships of fish species caught by bottom trawl in Jiaozhou Bay, China. Journal of Applied Ichthyology 27(2011)."
Larimichthys polyactis,Small yellow croaker,2008,2009,weight at length,male,power function,2.81,NA,b,92,NA,Yellow Sea,Jiaozhou Bay,"Xue Y et al 2010 Length-weight relationships of fish species caught by bottom trawl in Jiaozhou Bay, China. Journal of Applied Ichthyology 27(2011)."
Larimichthys polyactis,Small yellow croaker,2011,2011,weight at length,both,power function,0.00967,NA,a,317,NA,Yellow Sea,Haizhou Bay,"Wang X et al 2013 Length–weight relationships of 43 fish species from Haizhou Bay, central Yellow Sea. Journal of Applied Ichthyology 29(2013)."
Larimichthys polyactis,Small yellow croaker,2011,2011,weight at length,both,power function,2.93,NA,b,317,NA,Yellow Sea,Haizhou Bay,"Wang X et al 2013 Length–weight relationships of 43 fish species from Haizhou Bay, central Yellow Sea. Journal of Applied Ichthyology 29(2013)."
Larimichthys polyactis,Small yellow croaker,2011,2011,weight at length,female,power function,0.00986,NA,a,203,NA,Yellow Sea,Haizhou Bay,"Wang X et al 2013 Length–weight relationships of 43 fish species from Haizhou Bay, central Yellow Sea. Journal of Applied Ichthyology 29(2013)."
Larimichthys polyactis,Small yellow croaker,2011,2011,weight at length,female,power function,2.93,NA,b,203,NA,Yellow Sea,Haizhou Bay,"Wang X et al 2013 Length–weight relationships of 43 fish species from Haizhou Bay, central Yellow Sea. Journal of Applied Ichthyology 29(2013)."
Larimichthys polyactis,Small yellow croaker,2011,2011,weight at length,male,power function,0.012,NA,a,114,NA,Yellow Sea,Haizhou Bay,"Wang X et al 2013 Length–weight relationships of 43 fish species from Haizhou Bay, central Yellow Sea. Journal of Applied Ichthyology 29(2013)."
Larimichthys polyactis,Small yellow croaker,2011,2011,weight at length,male,power function,2.84,NA,b,114,NA,Yellow Sea,Haizhou Bay,"Wang X et al 2013 Length–weight relationships of 43 fish species from Haizhou Bay, central Yellow Sea. Journal of Applied Ichthyology 29(2013)."
Larimichthys polyactis,Small yellow croaker,1996,2009,natural mortality,both,NA,0.12,NA,M,NA,NA,East China Sea,Zhejiang,"Zhou YD et al 2013 Biomass estimates and MSY of silver pomfret, small yellow croaker calculated in the East China Sea. Journal of Zhejiang Ocean University (Natural Science) 32(1)."